Noun,user agent
"population,populace,people,citizenry,public,general public,body politic,collective,society,realm,residents,fold,inhabitants,klatch,klatsch,natives,citizens,denizens,burghers,nation,country,masses,state,voters,race,civilization,electorate,commoners,tribe,rank and file,civilisation,folk,townsfolk,townspeople,hoi polloi,taxpayers,subjects,Joe Public,polity,nationality,commonwealth,electors,land,culture,union,sovranty,sovereignty,mob,mass,millions,ethnic group,folks,ethnicity,locals,group,constituents,lineage,clan,multitude,stock,empire,crowd,plebeians,kin,general population,commonalty,institution,organization,herd,humanity,proletariat,kinsfolk,mankind,res publica,world,kinfolk,humankind,common people,political entity,men and women,republic,Joe Six-Pack,federation,territory,commune,dominion,strain,everyone,family,kindred,monarchy,line,seed,caste,plebs,ancestry,heritage,commons,customs,ratepayers,commonality,organisation,many,canaille,occupants,life,kind,indigenes,dynasty,blood,house,type,occupiers,majority,kinfolks,riff-raff,mortals,tradition,Main Street,common folk,confederation,lay people,great unwashed,menage,ragtag and bobtail,woman in the street,woman on the street,silent majority,men, women, and children,man in the street,human beings,man on the street,inhabitant,mainstream,grass roots,all,everybody,dwellers,background,ordinary people,villagers,heads,colony,village,general populace,descent,bloodline,ancestors,all-comers,breed,horde,women,men,family tree,one and all,world at large,kingdom,progeny,pedigree,extraction,principles,region,domain,superpower,power,motherland,fatherland,sovereign state,nation-state,world power,man,species,class,gens,sept,social order,beliefs,the social order,ethos,folklore,philosophy,the world,values,division,persons,humans,hapu,iwi,individuals,lifestyle,association,ilk,sort,souls,ménage,peeps,mores,human race,Homo sapiens,human species,household,settlement,human activity,most people,mortality,the population,human life,culture group,the silent majority,homo sapiens,flesh,person's relations,the people,living souls,way of life,rabble,ragtag,proles,riffraff,throng,demos,third estate,common herd,John Doe,Joe Bloggs,commoner,plebeian,pleb,lower classes,common,scum,peasantry,the masses,bourgeois,unwashed,bourgeoisie,peasants,peasant,ruck,dregs of society,the rank and file,sheep,lower orders,plebians,infrastructure,vulgus,vulgar herd,forces,ranks,Middle America,huddled masses,the proletariat,the many,the multitude,the canaille,the herd,rabblement,common run,common soldiery,common sort,the common people,the working class,the great unwashed,and children,rout,trash,whole world,the public,people everywhere,all and sundry,every man jack,each and every one,the race of man,tagrag and bobtail,lower class,every Tom, Dick, and Harry,every mother's son,civilian,citizen"," Mozilla/5.0 (Windows NT 10.0; Win64; x64) AppleWebKit/537.36 (KHTML, like Gecko) Chrome/110.0.0.0 Safari/537.36"
"commune,district,region,zone,area,precinct,section,constituency,locality,locale,neighborhood,neighbourhood,parish,quarter,sector,territory,vicinage,vicinity,manor,hood,nabe,turf,local area,neck of the woods,ward,part,tract,borough,division,ghetto,city,place,block,stomping ground,province,county,parts,slum,belt,spot,zoo,surroundings,suburb,municipality,township,location,domain,village,enclave,street,colony,jungle,state,electoral district,town,home,electorate,department,pocket,position,canton,patch,side,nation,metropolis,settlement,realm,parcel,megalopolis,dorp,administrative division,reserve,haven,backyard,reservation,site,homeland,subdivision,environs,way,diocese,habitat,seat,stamping ground,proximity,confines,geographical area,hamlet,surrounding area,riding,country,stretch,locus,sphere,land,setting,venue,plot,field,demesne,environment,voting area,subregion,local administrative unit,corner,sweep,dominion,band,principality,square,republic,center,sovereign state,capital,small village,clime,boondocks,centre,rural community,homestead,metropolitan area,small town,kingdom,commonwealth,burgh,post,station,point,megacity,cosmopolis,burg,source,quartier,barrio,arrondissement,inner city,old town,skid row,asphalt jungle,urban community,expanse,ground,space,arena,terrain,lot,scene,property,whereabouts,spread,estate,neck,corridor,strip,empire,situation,plat,range,shire,emplacement,extent,purlieus,where,geography,allotment,holding,fief,tract of land,precincts,clearing,acreage,circuit,piece,span,topography,surrounding district,area of land,protectorate,soil,piece of land,bearings,portion,swath,barony,jurisdiction,lands,landform,surrounds,piazza,landscape,haunt,neck of woods,purlieu,bed,segment,row,geomorphology,chorography,courtyard,open area,island,border,countryside,close,continent,reach,breadth,stage,dependency,possession,expansion,placement,plain,footprint,address,set,limits,waste,sheet,preserve,mainland,possie,dominions,bounds,mandate,scope,rink,plaza,wing,main,compass,administrative unit,orientation,stomping grounds,bailiwick,forum,joint,layer,open space,pitch,administrative district,flowerbed,empty area,unoccupied area,fix,stadium,grounds,garden,parade,park,arcade,hangout,galleria,landmass,marketplace,piece of ground,profile,contour,geographical location,specific location,going,land shape,destination,world,march,tillage,ambit,walk,branch,category,length,reference,exclave,orbit,swathe,home area,constituent part,floor,arm,partition,layout,hole,stead,yard,erf,stand,homesite,direction,stratum,facility,beat,latitude,mise en scene,line,purview,soke,leet,duchy,palatinate,boundaries,amplitude,federal state,longitude,footing,monarchy,radius,fiefdom,firmament,cross section,parameters,distance,horizons,cluster,X,political unit,extension,track,borders,aspect,plottage,frontage,motherland,fatherland,home park,bridge,milieu,sovereignty,sovranty,patch of ground,building lot,chair,home ground,home turf,this neck of the woods,real estate,end,share,quadrangle,herbaceous border,shrub border,flower bed,room,small area,resort,nation-state,rialto,enclosure,quad,rendezvous,prefecture,isolated area,seating,satellite state,mall,administrative area,biome,climate,village green,circle,market square,common,green,town square,village square,elbow room,periphery,fringe,hang-out,features,contours,structure,climatic zone,forecourt,concourse,atrium,sanctuary,subcontinent,amphitheatre,circus,platform,colosseum,lay of the land,land profile,rez,ring,amphitheater,playing field,refuge,sports field,field of play,protected area,wildlife refuge,game reserve,wildlife santcuary,game park"," Mozilla/5.0 (Windows NT 10.0; Win64; x64) AppleWebKit/537.36 (KHTML, like Gecko) Chrome/110.0.0.0 Safari/537.36"
"group,section,body,company,set,circle,clique,coterie,ring,band,clan,coven,crowd,galère,lot,network,faction,gang,bunch,pack,fold,klatch,klatsch,crew,mob,fraternity,posse,party,league,organization,outfit,organisation,club,camp,troop,society,cabal,assembly,fellowship,tribe,troupe,team,throng,brotherhood,gaggle,gathering,horde,flock,swarm,cluster,syndicate,cell,association,in-group,class,sodality,squad,assemblage,herd,sect,order,crop,congregation,bevy,crush,bevvy,insiders,alliance,sorority,junta,push,in-crowd,unit,division,platoon,brigade,army,cartel,cadre,huddle,confraternity,schism,enclave,drove,stream,caucus,mass,firm,combine,school,nucleus,camarilla,shower,knot,union,inner circle,press,detachment,squadron,contingent,regiment,battalion,garrison,extended family,sib,ranks,grouping,force,vocation,multitude,bracket,gathering of witches,load,consortium,collection,bundle,cronies,intimates,companions,cenacle,comrades,combo,lineup,zoo,coalition,confederation,federation,cohort,service,convention,pool,confederacy,racket,rat pack,conspiracy,lobby,guild,support group,encounter group,consociation,group of people,corps,ensemble,junto,monopoly,bloc,trust,elite,ingroup,meeting,consort,combination,Mafia,concourse,turnout,aggregation,muster,ruck,retinue,ayllu,host,crowd of people,house,family,race,gens,sept"," Mozilla/5.0 (Windows NT 10.0; Win64; x64) AppleWebKit/537.36 (KHTML, like Gecko) Chrome/110.0.0.0 Safari/537.36"
"brotherhood,sisterhood,fraternity,confraternity,sorority,colony,institution,order,body,circle,association,society,league,sodality,fellowship,group,club,guild,commune,organization,alliance,union,consortium,institute,council,corps,board,college,vocation,congress,clique,chamber,gild,organisation,coterie,clan,lodge,company,set,family,band,kinship,neighbourhood,neighborhood,ring,syndicate,coalition,affiliation,federation,corporation,unity,sect,denomination,cooperation,partnership,team,ohana,gang,tribe,crew,network,cooperative,faction,population,mob,outfit,private club,crème de la crème,social organization,house,rat pack,social club,cluster,collection,unison,gathering,confederacy,brethren"," Mozilla/5.0 (Windows NT 10.0; Win64; x64) AppleWebKit/537.36 (KHTML, like Gecko) Chrome/110.0.0.0 Safari/537.36"
"similarity,likeness,sameness,comparability,correspondence,agreement,alignment,alikeness,parallel,resemblance,similitude,parallelism,closeness,affinity,semblance,similar nature,equivalence,uniformity,analogy,comparison,congruity,conformity,commonality,identicalness,comparableness,connection,common denominator,concurrence,relationship,kinship,correlation,harmony,parity,congruence,relation,association,identity,homogeneity,interchangeability,simile,match,counterpart,analogousness,indistinguishability,nearness,relatedness,coincidence,equality,symmetry,double,clone,concordance,uniformness,interrelation,mutuality,approximation,dead ringer,look-alike,two of a kind,peas in a pod,point of comparison,link,ringer,likening,interrelationship,consistency,accord,spitting image,like of,interchange,interconnection,birds of a feather,compatibility,accordance,tie-in,coherence,regularity,interaction,fitness,commonalty,commonship,commutuality,communion,overlap,proportion,synonymity,common ground,collation,reciprocity,mutual understanding,likes of,image,Xerox,facsimile,carbon,model,effigy,copy,photocopy,ditto,reproduction,form,lookalike,guise,study,picture,photograph,appearance,delineation,replica,representation,depiction,portrait,knock-off,consonance,unity,congruency,unison,conformance,concord,balance,equivalency,coordinateness,coequality,equalness,evenness,alliance,equilibrium,bearing,affiliation,togetherness,union,interdependence,tune,oneness,linkage,levelness,par,adequation,consonancy,symphony,tie-up,concinnity,approach,consensus,homogeneousness,concurrency,unanimity,integration,rapport,compliance,equating,bond,commensurateness,selfsameness,impression,concert,tie,collaboration,pretence,connectedness,liaison,pretense,interrelatedness,equal terms,blending,order,orchestration,harmonization,arrangement,blend,harmonisation,linkup,veneer,air,interconnectedness,smoothness,agreeing,complying,analog,matching,fit,coordination,equipoise,coexistence,unvariedness,standardization,duplication,equatability,attachment,analogue,equation,standardisation,attunement,partnership,no difference,confederation,cooperation,hookup,nexus,solidarity,congruousness,empathy,conformation,sympathy,like-mindedness,bondedness,mapping,approximateness,proportionality,stability,application,homology,interchangeableness,synonymy,metaphor,steadiness,interconnectivity,conformability,interface,coupling,exchangeability,synonym,alternation,pendant,correspondent,complement,amity,synchronization,quits,draw,apposition,equalization,corollary,network,synthesis,pairing,propinquity,equity,intersection,intersectionality,orderliness,adherence,level pegging,settlement,integrity,suitability,synchronisation,articulation,conforming,assent,organization,high compatibility,high affinity,counterpoise,identification,coadunation,combination,consent,chime,chorus,poise,stasis,equilibration,organisation,reckoning,equalisation,interdependence of,even-steven,hang,homeostasis,tension,antithesis,constancy,universality,universal,intercourse,commerce,communication,shared quality,symmetrical balance,common factor,marriage,shared belief,understanding,friendship,camaraderie,congeniality,warmth,fellowship,close relation,shared feeling,mutual fondness,fellow feeling"," Mozilla/5.0 (Windows NT 10.0; Win64; x64) AppleWebKit/537.36 (KHTML, like Gecko) Chrome/110.0.0.0 Safari/537.36"
"joint ownership,common ownership,shared possession,joint liability,joint participation"," Mozilla/5.0 (Windows NT 10.0; Win64; x64) AppleWebKit/537.36 (KHTML, like Gecko) Chrome/110.0.0.0 Safari/537.36"
"body,camp,fellowship,vocation,category,association,corps,crowd,federation,group,organisation,organization,company,society,league,network,corporation,coalition,club,cooperative,consortium,partnership,syndicate,confederation,board,guild,circle,fraternity,coterie,council,ring,pack,clique,faction,institution,congress,outfit,institute,set,clan,block,gang,bloc,union,alliance,band,order,class,confederacy,affiliation,collection,troop,sodality,cluster,sisterhood,formation,congregation,conglomerate,brotherhood,chamber,amalgamation,bunch,trust,merger,crew,gathering,combination,unit,cartel,consociation,sorority,posse,college,assemblage,combo,team,axis,kinship,batch,troupe,tribe,mob,troops,pool,confraternity,compact,combine,house,gild,family,private club,rat pack,tie-in,agency,operation,fold,wing,sect,establishment,party,contingent,side,coven,klatch,klatsch"," Mozilla/5.0 (Windows NT 10.0; Win64; x64) AppleWebKit/537.36 (KHTML, like Gecko) Chrome/110.0.0.0 Safari/537.36"
"camaraderie,comradery,companionship,sociability,comradeship,solidarity,amity,togetherness,company,fellowship,friendship,gregariousness,esprit de corps,brotherhood,closeness,society,communion,chumminess,intimacy,association,rapport,sisterhood,fraternity,mutual support,conviviality,affinity,companionability,social intercourse,intercourse,kinship,brotherliness,friendliness,socializing,social contact,social interaction,clubbiness,acquaintance,fraternization,unity,mateyness,fraternisation,cordiality,socialising,team spirit,harmony,sympathy,partnership,accord,geniality,empathy,palliness,understanding,familiarity,union,mingling,relations,collaborating,loyalty,involvement,cooperativeness,comradeliness,alliance,mixing,connection,good fellowship,cordialness,contact,fellow feeling,social life,good-fellowship,presence,goodwill,sodality,vocation,corps,support,mateship,congress,benevolence,league,neighborliness,neighbourliness,bromance,fraternalism,affiliation,accompaniment,jollity,cheer,mutual affection,agreement,concord,communication,rapprochement,sharing,communing,converse,bond,participation,relationship,intercommunication,socialization,spiritual union,close relationship,at-oneness,compatibility,link,interaction,integration,conjoining,confluence,fraternizing,dealings,consorting,meeting,cooperation,esprit,morale,connectivity,fraternising,powwow,socialisation,correspondence,mutuality,convergence,partying,social relations,coming together,common bond,team morale,group loyalty,community of interests,group spirit,banding together,kindliness,amiability,affability,belonging,sympathies,mutual liking,mutual respect,affection,love,nearness,inseparability,attachment,warmth,male bonding,amicability,acquaintanceship,fondness,collaboration,circle,feeling,care,liking,fraternality,knowledge,kindness,relation,aroha,sociableness,folksiness,matiness,endearment,appreciation,grasp,awareness,liaison,regard,charity,comity,familyhood,sismance,womance,consideration,partiality,friendly relationship,good will,confidentiality,confidence,inwardness,experience,tenderness,caring,close association,close friendship,warm feelings,close attachment"," Mozilla/5.0 (Windows NT 10.0; Win64; x64) AppleWebKit/537.36 (KHTML, like Gecko) Chrome/110.0.0.0 Safari/537.36"
"nationality,nation,race,ethnicity,population,country,people,origin,tribe,identity,society,culture,confederation,clan,ethnos,affiliation,allegiance,ancestry,colour,color,descent,enfranchisement,naturalisation,naturalization,parentage,ethnic group,ethnic minority,body politic,cultural group,native land,political home,citizens,populace,citizenry,inhabitants,residents,voters,civilization,civilisation,public,electorate,denizens,masses,sovranty,natives,commoners,locals,stock,constituents,subjects,townspeople,townsfolk,polity,union,dominion,monarchy,background,general public,Joe Public,rank and file,hoi polloi,res publica,ethnic background,commonwealth,collective,sovereignty,folk,group,colony,commune,taxpayers,village,electors,empire,strain,caste,seed,general population,horde,breed,customs,traditions,way of life,realm,constituency,state,land,voter,kingdom,voting public,federation,registered voters,inhabitant,klatch,fold,klatsch,indigenes,ratepayers,occupants,district,burghers,faction,republic,grass roots,general populace,Main Street,system,ordinary people,body of voters,balloters,heritage,democracy,lineage,commonality,extraction,kind,kin,progeny,pedigree,type,region,territory,province,domain,authority,power,jurisdiction,government,rule,command,control,sway,superpower,supremacy,mana,imperium,world power"," Mozilla/5.0 (Windows NT 10.0; Win64; x64) AppleWebKit/537.36 (KHTML, like Gecko) Chrome/110.0.0.0 Safari/537.36"
"assembly,gathering,meeting,group,crowd,conference,congress,assemblage,convocation,company,congregation,council,convention,throng,band,body,bunch,mass,flock,conclave,multitude,collection,crew,cluster,powwow,rally,meet,huddle,ingathering,muster,synod,faction,confab,audience,hui,association,turnout,runanga,foregathering,clambake,get-together,sit-in,coming together,coffee klatch,symposium,concourse,forum,caucus,jamboree,society,conventicle,function,junction,tryst,session,summit,intersection,rendezvous,affair,meetup,concentration,tweetup,parley,reunion,social function,seminar,diet,colloquium,discussion,consultation,roundtable,panel,senate,legislature,sitting,government,parliament,meet-up,legislative body,round-robin,panel discussion,colloquy,hearing,talk,salon,debate,confabulation,representatives,business meeting,consistory,chamber,period,term,plenary,chapter,house,board meeting,sederunt,legislative assembly,townhall meeting,chamber of deputies,Members of Parliament,gang,groupthink,awayday,appointment,committee,meet up,ritual,summit meeting,encounter,organization,con,cabinet,show,delegation,palaver,forgathering,council of delegates,council of representatives,get together,secret meeting,demonstration,corporation,private meeting,demo,buzz session,parade,march,round table,discussion group,celebration,convergence,engagement,chinwag,national assembly,general assembly,house of assembly,mass meeting,moot,cooperation,federation,fellowship,ecclesia,folkmoot,townhall,townhall forum,pow-wow,call,date,confrontation,showdown,protest march,pep rally,celebratory meeting,conflict,séance,council of war,cattle call,people,organisation,one on one,court,lower chamber,lower house,second chamber,upper house,upper chamber,talking shop"," Mozilla/5.0 (Windows NT 10.0; Win64; x64) AppleWebKit/537.36 (KHTML, like Gecko) Chrome/110.0.0.0 Safari/537.36"
"settlement,colony,outpost,encampment,hamlet,commune,village,kainga,kibbutz,peopling,plantation,post,pueblo,rancheria,terramare,werf,establishment,habitation,inhabitancy,neighborhood,neighbourhood,principality,residence,suburb,town,township,trading post,small town,municipality,district,parish,collective,cooperative,urban area,dorp,wick,jaghir,vill,townlet,bourg,crossroads,homestead,co-op,fellowship,farm,kolkhoz,ashram,commonage,communal settlement,commonality,collective farm,rank and file,family,small village,whistle-stop"," Mozilla/5.0 (Windows NT 10.0; Win64; x64) AppleWebKit/537.36 (KHTML, like Gecko) Chrome/110.0.0.0 Safari/537.36"
"membership,belonging,associateship,clanship,integration,association,cap,cloth,enrollment,enrolment,fellowship,participation,seat,shirt,whip,affiliation,assimilation,inclusion,admission,attachment,bond,connection,involvement,sense of belonging,affinity,link,social bond,belongingness,sense of community,tie,union,friendship,alliance,relationship,nexus,relation,network,coupling,marriage,interrelationship,coalition,liaison,partnership,connective,tie-in,strong bond,hookup"," Mozilla/5.0 (Windows NT 10.0; Win64; x64) AppleWebKit/537.36 (KHTML, like Gecko) Chrome/110.0.0.0 Safari/537.36"
"parish,parishioners,churchgoers,congregation,church,flock,fold,archdiocese,bethel,believers,worshipers,followers,faithful,brethren,adherents,crowd,following,assembly,brothers and sisters,fellowship,disciples,laity,gathering,audience,jamaat,laymen,laypeople,laywomen,communicants,host,souls,conventicle,multitude,loyal members,worshippers,devotees,converts,votaries,participants,congregants,Church,church membership"," Mozilla/5.0 (Windows NT 10.0; Win64; x64) AppleWebKit/537.36 (KHTML, like Gecko) Chrome/110.0.0.0 Safari/537.36"
"social fabric,social connection,sense of community,social contract"," Mozilla/5.0 (Windows NT 10.0; Win64; x64) AppleWebKit/537.36 (KHTML, like Gecko) Chrome/110.0.0.0 Safari/537.36"
"friary,abbey,monastery,cloister,priory,convent,hermitage,house,brotherhood,building,fraternity,nunnery,religious house,religious community,coenoby,coenobium,charterhouse,cell,religious foundation,lamasery,ashram,beguinage,cenoby,cenobium,priorate,order,sanctuary,retreat,temple,ministry,chapter house,vihara,tekke,school"," Mozilla/5.0 (Windows NT 10.0; Win64; x64) AppleWebKit/537.36 (KHTML, like Gecko) Chrome/110.0.0.0 Safari/537.36"
"civic,civil,public,local,municipal,city,communal,metropolitan,town,urban,national,borough,oppidan,domestic,district,social,state,neighbourhood,neighborhood,home,regional,internal,provincial,civilian,village,parish,neighbothood,council,communistic,communalist,burghal,native,resident,non-military,societal,government,federal,official,nationalized,nationalised,constitutional,governmental,democratic,parochial,country,state-owned,state-run,public-sector,publicly owned,area,divisional,bounded,territorial,geographical,interior,sectional,small-town,parish-pump,central,downtown,inland,nonrural,interurban,intraurban,main,citified,megalopolitan,homemade,vicinal,political,midtown,ceremonial,locally produced,formal,big-city,homegrown,cosmopolitan,stately,majestic,imperial,royal,home-made,home-grown,urbane,intramural,mainland,modern,not foreign,not international,suburban,townified,dorp,popular,towny,townish,inner-city,built-up,non-rural,densely populated"," Mozilla/5.0 (Windows NT 10.0; Win64; x64) AppleWebKit/537.36 (KHTML, like Gecko) Chrome/110.0.0.0 Safari/537.36"
"social,communal,public,civic,civil,societal,general,group,collective,common,popular,shared,community-based,mutual,joint,pooled,collaborative,united,combined,cooperative,concerted,conjoint,communistic,for all,sociable,allied,civilized,amalgamated,merged,human,civilised,corporate,associated,reciprocal,interconnected,uncompetitive,collegial,open,unrestricted,accessible,mass,available,neighbourhood,neighborhood,free,intermutual,conjunct,accessible to all,without charge,free-for-all,free for all,open-door,not private,not exclusive,free to all,open to the public"," Mozilla/5.0 (Windows NT 10.0; Win64; x64) AppleWebKit/537.36 (KHTML, like Gecko) Chrome/110.0.0.0 Safari/537.36"
"family-oriented,family,childsafe,wholesome,family-friendly,family-centric,PG-rated,child-friendly,kid-friendly,PG,family-centered,kid-safe,family-inclined,family-motivated,age appropriate,child friendly,family friendly"," Mozilla/5.0 (Windows NT 10.0; Win64; x64) AppleWebKit/537.36 (KHTML, like Gecko) Chrome/110.0.0.0 Safari/537.36"
"local,nearby,near,neighborhood,neighbourhood,neighboring,neighbouring,accessible,close,convenient,handy,vernacular,at hand,close by,in the area,proximate,adjacent,nigh,adjoining,imminent,impending,immediate,abutting,contiguous,approaching,alongside,walkable,in the neighbourhood of,not far from,a stone's throw away,nearest,next-door,in close proximity,within reach of,close at hand,around the corner,within spitting distance,at close quarters,within walking distance,hard by,warm,close-up,within close range of,just round the corner,within sniffing distance,under one's nose,across the street,next,nearly,within earshot,in spitting distance,give or take a little,in the vicinity of,near at hand,on your doorstep,in the ball park,near-at-hand,a hop, skip and a jump away,cheek by jowl,within sight,within striking distance,upcoming"," Mozilla/5.0 (Windows NT 10.0; Win64; x64) AppleWebKit/537.36 (KHTML, like Gecko) Chrome/110.0.0.0 Safari/537.36"
," Mozilla/5.0 (Windows NT 10.0; Win64; x64) AppleWebKit/537.36 (KHTML, like Gecko) Chrome/110.0.0.0 Safari/537.36"
," Mozilla/5.0 (Windows NT 10.0; Win64; x64) AppleWebKit/537.36 (KHTML, like Gecko) Chrome/110.0.0.0 Safari/537.36"
