book name,book price,book stock
A Light in the Attic,£51.77,In stock (22 available)
The Dirty Little Secrets of Getting Your Dream Job,£33.34,In stock (19 available)
Tipping the Velvet,£53.74,In stock (20 available)
Soumission,£50.10,In stock (20 available)
The Boys in the Boat: Nine Americans and Their Epic Quest for Gold at the 1936 Berlin Olympics,£22.60,In stock (19 available)
Sharp Objects,£47.82,In stock (20 available)
The Requiem Red,£22.65,In stock (19 available)
Sapiens: A Brief History of Humankind,£54.23,In stock (20 available)
"Starving Hearts (Triangular Trade Trilogy, #1)",£13.99,In stock (19 available)
The Black Maria,£52.15,In stock (19 available)
Shakespeare's Sonnets,£20.66,In stock (19 available)
Scott Pilgrim's Precious Little Life (Scott Pilgrim #1),£52.29,In stock (19 available)
Set Me Free,£17.46,In stock (19 available)
"Our Band Could Be Your Life: Scenes from the American Indie Underground, 1981-1991",£57.25,In stock (19 available)
It's Only the Himalayas,£45.17,In stock (19 available)
Libertarianism for Beginners,£51.33,In stock (19 available)
Rip it Up and Start Again,£35.02,In stock (19 available)
Olio,£23.88,In stock (19 available)
Mesaerion: The Best Science Fiction Stories 1800-1849,£37.59,In stock (19 available)
Chase Me (Paris Nights #2),£25.27,In stock (19 available)
How Music Works,£37.32,In stock (19 available)
"Foolproof Preserving: A Guide to Small Batch Jams, Jellies, Pickles, Condiments, and More: A Foolproof Guide to Making Small Batch Jams, Jellies, Pickles, Condiments, and More",£30.52,In stock (19 available)
Aladdin and His Wonderful Lamp,£53.13,In stock (19 available)
Black Dust,£34.53,In stock (19 available)
Birdsong: A Story in Pictures,£54.64,In stock (19 available)
In Her Wake,£12.84,In stock (19 available)
The Four Agreements: A Practical Guide to Personal Freedom,£17.66,In stock (18 available)
America's Cradle of Quarterbacks: Western Pennsylvania's Football Factory from Johnny Unitas to Joe Montana,£22.50,In stock (19 available)
Worlds Elsewhere: Journeys Around Shakespeare’s Globe,£40.30,In stock (18 available)
Wall and Piece,£44.18,In stock (18 available)
The Five Love Languages: How to Express Heartfelt Commitment to Your Mate,£31.05,In stock (18 available)
Sophie's World,£15.94,In stock (18 available)
The Elephant Tree,£23.82,In stock (18 available)
The Bear and the Piano,£36.89,In stock (18 available)
The Nicomachean Ethics,£36.34,In stock (1 available)
"The Coming Woman: A Novel Based on the Life of the Infamous Feminist, Victoria Woodhull",£17.93,In stock (19 available)
"At The Existentialist Café: Freedom, Being, and apricot cocktails with: Jean-Paul Sartre, Simone de Beauvoir, Albert Camus, Martin Heidegger, Edmund Husserl, Karl Jaspers, Maurice Merleau-Ponty and others",£29.93,In stock (7 available)
Critique of Pure Reason,£20.75,In stock (5 available)
Meditations,£25.89,In stock (1 available)
Rework,£44.88,In stock (3 available)
"Run, Spot, Run: The Ethics of Keeping Pets",£20.02,In stock (2 available)
Beyond Good and Evil,£43.38,In stock (1 available)
The Travelers,£15.77,In stock (3 available)
This Is Your Brain on Music: The Science of a Human Obsession,£38.40,In stock (5 available)
The Bone Hunters (Lexy Vaughan & Steven Macaulay #2),£59.71,In stock (4 available)
Far From True (Promise Falls Trilogy #2),£34.93,In stock (4 available)
The Story of Hong Gildong,£43.19,In stock (1 available)
When We Collided,£31.77,In stock (16 available)
Kierkegaard: A Christian Missionary to Christians,£47.13,In stock (8 available)
The Little Prince,£45.42,In stock (1 available)
The Stranger,£17.44,In stock (15 available)
Proofs of God: Classical Arguments from Tertullian to Barth,£54.21,In stock (8 available)
The Death of Humanity: and the Case for Life,£58.11,In stock (16 available)
Louisa: The Extraordinary Life of Mrs. Adams,£16.85,In stock (15 available)
Leave This Song Behind: Teen Poetry at Its Best,£51.17,In stock (7 available)
Sense and Sensibility,£37.46,In stock (1 available)
The 14th Colony (Cotton Malone #11),£39.24,In stock (14 available)
Of Mice and Men,£47.11,In stock (1 available)
Quench Your Own Thirst: Business Lessons Learned Over a Beer or Two,£43.14,In stock (12 available)
The Guilty (Will Robie #4),£13.82,In stock (14 available)
Wuthering Heights,£17.73,In stock (3 available)
Animal Farm,£57.22,In stock (4 available)
The Complete Stories and Poems (The Works of Edgar Allan Poe [Cameo Edition]),£26.78,In stock (3 available)
Beowulf,£38.35,In stock (3 available)
"Chronicles, Vol. 1",£52.60,In stock (7 available)
And Then There Were None,£35.01,In stock (3 available)
Love Is a Mix Tape (Music #1),£18.03,In stock (14 available)
The Picture of Dorian Gray,£29.70,In stock (3 available)
salt.,£46.78,In stock (14 available)
Kill 'Em and Leave: Searching for James Brown and the American Soul,£45.05,In stock (8 available)
"Unseen City: The Majesty of Pigeons, the Discreet Charm of Snails & Other Wonders of the Urban Wilderness",£44.18,In stock (16 available)
Les Fleurs du Mal,£29.04,In stock (8 available)
"Quarter Life Poetry: Poems for the Young, Broke and Hangry",£50.89,In stock (14 available)
Out of Print: City Lights Spotlight No. 14,£53.64,In stock (8 available)
You (You #1),£43.61,In stock (14 available)
Please Kill Me: The Uncensored Oral History of Punk,£31.19,In stock (8 available)
The Pilgrim's Progress,£50.26,In stock (4 available)
Night Sky with Exit Wounds,£41.05,In stock (15 available)
The Hound of the Baskervilles (Sherlock Holmes #5),£14.82,In stock (4 available)
Little Women (Little Women #1),£28.07,In stock (4 available)
Candide,£58.63,In stock (4 available)
If I Run (If I Run #1),£49.97,In stock (3 available)
Poems That Make Grown Women Cry,£14.19,In stock (15 available)
The Third Wave: An Entrepreneur’s Vision of the Future,£12.61,In stock (15 available)
Gone with the Wind,£32.49,In stock (4 available)
Made to Stick: Why Some Ideas Survive and Others Die,£38.85,In stock (14 available)
Howl and Other Poems,£40.45,In stock (8 available)
The 10% Entrepreneur: Live Your Startup Dream Without Quitting Your Day Job,£27.55,In stock (15 available)
Counted With the Stars (Out from Egypt #1),£17.97,In stock (7 available)
Shoe Dog: A Memoir by the Creator of NIKE,£23.99,In stock (15 available)
The Natural History of Us (The Fine Art of Pretending #2),£45.22,In stock (16 available)
The Past Never Ends,£56.50,In stock (16 available)
"The Pioneer Woman Cooks: Dinnertime: Comfort Classics, Freezer Food, 16-Minute Meals, and Other Delicious Ways to Solve Supper!",£56.41,In stock (16 available)
The Metamorphosis,£28.58,In stock (5 available)
The Selfish Gene,£29.45,In stock (1 available)
"Giant Days, Vol. 2 (Giant Days #5-8)",£22.11,In stock (16 available)
Danganronpa Volume 1,£51.99,In stock (16 available)
"Codename Baboushka, Volume 1: The Conclave of Death",£36.72,In stock (16 available)
Camp Midnight,£17.08,In stock (16 available)
Seven Brief Lessons on Physics,£30.60,In stock (3 available)
Redeeming Love,£20.47,In stock (15 available)
Close to You,£49.46,In stock (15 available)
Shadows of the Past (Logan Point #1),£39.67,In stock (8 available)
Like Never Before (Walker Family #2),£28.77,In stock (7 available)
32 Yolks,£53.63,In stock (8 available)
The Great Railway Bazaar,£30.54,In stock (6 available)
A Year in Provence (Provence #1),£56.88,In stock (6 available)
The Road to Little Dribbling: Adventures of an American in Britain (Notes From a Small Island #2),£23.21,In stock (3 available)
"Naturally Lean: 125 Nourishing Gluten-Free, Plant-Based Recipes--All Under 300 Calories",£11.38,In stock (7 available)
Neither Here nor There: Travels in Europe,£38.95,In stock (3 available)
orange: The Complete Collection 1 (orange: The Complete Collection #1),£48.41,In stock (16 available)
"Lumberjanes, Vol. 2: Friendship to the Max (Lumberjanes #5-8)",£46.91,In stock (16 available)
"Lumberjanes, Vol. 1: Beware the Kitten Holy (Lumberjanes #1-4)",£45.61,In stock (16 available)
I am a Hero Omnibus Volume 1,£54.63,In stock (16 available)
"Surely You're Joking, Mr. Feynman!: Adventures of a Curious Character",£25.83,In stock (3 available)
"I Hate Fairyland, Vol. 1: Madly Ever After (I Hate Fairyland (Compilations) #1-5)",£29.17,In stock (16 available)
The Secret Garden,£15.08,In stock (5 available)
Everyday Italian: 125 Simple and Delicious Recipes,£20.10,In stock (12 available)
Cravings: Recipes for What You Want to Eat,£20.50,In stock (11 available)
The Nameless City (The Nameless City #1),£38.16,In stock (16 available)
Barefoot Contessa at Home: Everyday Recipes You'll Make Over and Over Again,£50.62,In stock (14 available)
See America: A Celebration of Our National Parks & Treasured Sites,£48.87,In stock (14 available)
Vagabonding: An Uncommon Guide to the Art of Long-Term World Travel,£36.94,In stock (8 available)
Under the Tuscan Sun,£37.33,In stock (7 available)
Lumberjanes Vol. 3: A Terrible Plan (Lumberjanes #9-12),£19.92,In stock (16 available)
A Summer In Europe,£44.34,In stock (7 available)
Full Moon over Noah’s Ark: An Odyssey to Mount Ararat and Beyond,£49.43,In stock (15 available)
My Kitchen Year: 136 Recipes That Saved My Life,£11.53,In stock (13 available)
"Princess Jellyfish 2-in-1 Omnibus, Vol. 01 (Princess Jellyfish 2-in-1 Omnibus #1)",£13.61,In stock (16 available)
"Pop Gun War, Volume 1: Gift",£18.97,In stock (16 available)
"Rat Queens, Vol. 3: Demons (Rat Queens (Collected Editions) #11-15)",£50.40,In stock (16 available)
Patience,£10.16,In stock (16 available)
Reskilling America: Learning to Labor in the Twenty-First Century,£19.83,In stock (16 available)
"Deliciously Ella Every Day: Quick and Easy Recipes for Gluten-Free Snacks, Packed Lunches, and Simple Meals",£42.16,In stock (15 available)
The Red Tent,£35.66,In stock (3 available)
The Guernsey Literary and Potato Peel Pie Society,£49.53,In stock (3 available)
"Outcast, Vol. 1: A Darkness Surrounds Him (Outcast #1)",£15.44,In stock (16 available)
The Love and Lemons Cookbook: An Apple-to-Zucchini Celebration of Impromptu Cooking,£37.60,In stock (15 available)
Girl in the Blue Coat,£46.83,In stock (3 available)
The Cookies & Cups Cookbook: 125+ sweet & savory recipes reminding you to Always Eat Dessert First,£41.25,In stock (15 available)
Diary of a Citizen Scientist: Chasing Tiger Beetles and Other New Ways of Engaging the World,£28.41,In stock (8 available)
The Help Yourself Cookbook for Kids: 60 Easy Plant-Based Recipes Kids Can Make to Stay Healthy and Save the Earth,£28.77,In stock (14 available)
Barefoot Contessa Back to Basics,£28.01,In stock (14 available)
"Saga, Volume 6 (Saga (Collected Editions) #6)",£25.02,In stock (16 available)
Security,£39.25,In stock (16 available)
The Last Painting of Sara de Vos,£55.55,In stock (3 available)
Spark Joy: An Illustrated Master Class on the Art of Organizing and Tidying Up,£41.83,In stock (16 available)
"It's All Easy: Healthy, Delicious Weeknight Meals in under 30 Minutes",£19.55,In stock (14 available)
The Constant Princess (The Tudor Court #1),£16.62,In stock (7 available)
The Invention of Wings,£37.34,In stock (6 available)
World Without End (The Pillars of the Earth #2),£32.97,In stock (5 available)
Soul Reader,£39.58,In stock (16 available)
The Passion of Dolssa,£28.32,In stock (4 available)
Girl With a Pearl Earring,£26.77,In stock (4 available)
Masks and Shadows,£56.40,In stock (16 available)
"Saga, Volume 5 (Saga (Collected Editions) #5)",£51.04,In stock (16 available)
Join,£35.67,In stock (16 available)
"Mama Tried: Traditional Italian Cooking for the Screwed, Crude, Vegan, and Tattooed",£14.02,In stock (16 available)
"Lamb: The Gospel According to Biff, Christ's Childhood Pal",£55.50,In stock (3 available)
Naked,£31.69,In stock (3 available)
My Paris Kitchen: Recipes and Stories,£33.37,In stock (16 available)
Toddlers Are A**holes: It's Not Your Fault,£25.55,In stock (7 available)
In the Country We Love: My Family Divided,£22.00,In stock (16 available)
A People's History of the United States,£40.79,In stock (14 available)
When You Are Engulfed in Flames,£30.89,In stock (3 available)
Glory over Everything: Beyond The Kitchen House,£45.84,In stock (14 available)
A Paris Apartment,£39.01,In stock (12 available)
The Secret (The Secret #1),£27.37,In stock (15 available)
Dress Your Family in Corduroy and Denim,£43.68,In stock (9 available)
The Psychopath Test: A Journey Through the Madness Industry,£36.00,In stock (15 available)
"Love, Lies and Spies",£20.55,In stock (12 available)
"A Series of Catastrophes and Miracles: A True Story of Love, Science, and Cancer",£56.48,In stock (14 available)
The Kite Runner,£41.82,In stock (15 available)
The Girl on the Train,£55.02,In stock (15 available)
The Marriage of Opposites,£28.08,In stock (14 available)
The Bridge to Consciousness: I'm Writing the Bridge Between Science and Our Old and New Beliefs.,£32.00,In stock (15 available)
The Long Haul (Diary of a Wimpy Kid #9),£44.07,In stock (14 available)
The Emerald Mystery,£23.15,In stock (15 available)
The Dovekeepers,£48.78,In stock (14 available)
The House by the Lake,£36.95,In stock (15 available)
More Than Music (Chasing the Dream #1),£37.61,In stock (14 available)
Catastrophic Happiness: Finding Joy in Childhood's Messy Years,£37.35,In stock (3 available)
A World of Flavor: Your Gluten Free Passport,£42.95,In stock (16 available)
Fifty Shades Freed (Fifty Shades #3),£15.36,In stock (3 available)
"A Piece of Sky, a Grain of Rice: A Memoir in Four Meditations",£56.76,In stock (16 available)
Thirteen Reasons Why,£52.72,In stock (15 available)
Tracing Numbers on a Train,£41.60,In stock (15 available)
Mrs. Houdini,£30.25,In stock (15 available)
A Flight of Arrows (The Pathfinders #2),£55.53,In stock (16 available)
The Immortal Life of Henrietta Lacks,£40.67,In stock (14 available)
The Bachelor Girl's Guide to Murder (Herringford and Watts Mysteries #1),£52.30,In stock (7 available)
Cell,£20.29,In stock (14 available)
"Shobu Samurai, Project Aryoku (#3)",£29.06,In stock (15 available)
The White Queen (The Cousins' War #1),£25.91,In stock (14 available)
Running with Scissors,£12.91,In stock (3 available)
Code Name Verity (Code Name Verity #1),£22.13,In stock (14 available)
Playing with Fire,£13.71,In stock (11 available)
What Happened on Beale Street (Secrets of the South Mysteries #2),£25.37,In stock (7 available)
Approval Junkie: Adventures in Caring Too Much,£58.81,In stock (5 available)
The Song of Achilles,£37.40,In stock (14 available)
Me Talk Pretty One Day,£57.60,In stock (3 available)
Delivering the Truth (Quaker Midwife Mystery #1),£20.89,In stock (7 available)
Life Without a Recipe,£59.04,In stock (3 available)
A Heartbreaking Work of Staggering Genius,£54.29,In stock (3 available)
The Widow,£27.26,In stock (11 available)
Modern Romance,£28.26,In stock (15 available)
Most Wanted,£35.28,In stock (12 available)
Hide Away (Eve Duncan #20),£11.84,In stock (12 available)
Angels Walking (Angels Walking #1),£34.20,In stock (14 available)
Boar Island (Anna Pigeon #19),£59.48,In stock (12 available)
Poisonous (Max Revere Novels #3),£26.80,In stock (12 available)
Lust & Wonder,£11.87,In stock (3 available)
Murder at the 42nd Street Library (Raymond Ambler #1),£54.36,In stock (12 available)
8 Keys to Mental Health Through Exercise,£31.04,In stock (3 available)
"Thinking, Fast and Slow",£21.14,In stock (3 available)
Icing (Aces Hockey #2),£40.44,In stock (1 available)
The Argonauts,£10.93,In stock (15 available)
Lab Girl,£40.85,In stock (11 available)
Civilization and Its Discontents,£59.95,In stock (3 available)
A Study in Scarlet (Sherlock Holmes #1),£16.73,In stock (14 available)
The Wedding Dress,£24.12,In stock (15 available)
The Vacationers,£42.15,In stock (15 available)
Tastes Like Fear (DI Marnie Rome #3),£10.69,In stock (14 available)
A Time of Torment (Charlie Parker #14),£48.35,In stock (14 available)
The Shadow Hero (The Shadow Hero),£33.14,In stock (15 available)
M Train,£27.18,In stock (11 available)
The Glittering Court (The Glittering Court #1),£44.28,In stock (15 available)
The Lucifer Effect: Understanding How Good People Turn Evil,£10.40,In stock (14 available)
The White Cat and the Monk: A Retelling of the Poem “Pangur Bán”,£58.08,In stock (15 available)
The Art Book,£32.34,In stock (7 available)
That Darkness (Gardiner and Renner #1),£13.92,In stock (14 available)
The Last Mile (Amos Decker #2),£54.21,In stock (14 available)
The Golden Condom: And Other Essays on Love Lost and Found,£39.43,In stock (12 available)
The Last Girl (The Dominion Trilogy #1),£36.26,In stock (1 available)
The Book of Basketball: The NBA According to The Sports Guy,£44.84,In stock (3 available)
"Friday Night Lights: A Town, a Team, and a Dream",£51.22,In stock (3 available)
Settling the Score (The Summer Games #1),£44.91,In stock (1 available)
Having the Barbarian's Baby (Ice Planet Barbarians #7.5),£34.96,In stock (1 available)
It Didn't Start with You: How Inherited Family Trauma Shapes Who We Are and How to End the Cycle,£56.27,In stock (11 available)
While You Were Mine,£41.32,In stock (1 available)
An Unquiet Mind: A Memoir of Moods and Madness,£21.30,In stock (6 available)
Sugar Rush (Offensive Line #2),£24.42,In stock (2 available)
Ways of Seeing,£39.51,In stock (1 available)
The Secret Healer,£34.56,In stock (1 available)
Art and Fear: Observations on the Perils (and Rewards) of Artmaking,£48.63,In stock (9 available)
"Nightingale, Sing",£38.28,In stock (15 available)
Starlark,£25.83,In stock (1 available)
Bridget Jones's Diary (Bridget Jones #1),£29.82,In stock (1 available)
Romero and Juliet: A Tragic Tale of Love and Zombies,£36.94,In stock (15 available)
The Restaurant at the End of the Universe (Hitchhiker's Guide to the Galaxy #2),£10.92,In stock (3 available)
Ready Player One,£19.07,In stock (3 available)
Poses for Artists Volume 1 - Dynamic and Sitting Poses: An Essential Reference for Figure Drawing and the Human Form,£41.06,In stock (15 available)
"Life, the Universe and Everything (Hitchhiker's Guide to the Galaxy #3)",£33.26,In stock (3 available)
Do Androids Dream of Electric Sheep? (Blade Runner #1),£51.48,In stock (3 available)
Scarlett Epstein Hates It Here,£43.55,In stock (15 available)
The No. 1 Ladies' Detective Agency (No. 1 Ladies' Detective Agency #1),£57.70,In stock (1 available)
The Girl You Lost,£12.29,In stock (1 available)
Blood Defense (Samantha Brinkman #1),£20.30,In stock (1 available)
Three Wishes (River of Time: California #1),£44.18,In stock (1 available)
Dune (Dune #1),£54.86,In stock (3 available)
1st to Die (Women's Murder Club #1),£53.98,In stock (1 available)
Between Shades of Gray,£20.79,In stock (3 available)
Secrets and Lace (Fatal Hearts #1),£20.27,In stock (15 available)
Soft Apocalypse,£26.12,In stock (15 available)
13 Hours: The Inside Account of What Really Happened In Benghazi,£27.06,In stock (13 available)
Doing It Over (Most Likely To #1),£35.61,In stock (15 available)
Done Rubbed Out (Reightman & Bailey #1),£37.72,In stock (15 available)
Drive: The Surprising Truth About What Motivates Us,£34.95,In stock (15 available)
The Girl In The Ice (DCI Erika Foster #1),£15.85,In stock (1 available)
Eureka Trivia 6.0,£54.59,In stock (15 available)
Foundation (Foundation (Publication Order) #1),£32.42,In stock (5 available)
Sleeping Giants (Themis Files #1),£48.74,In stock (11 available)
In the Woods (Dublin Murder Squad #1),£38.38,In stock (6 available)
The Silkworm (Cormoran Strike #2),£23.05,In stock (3 available)
The Exiled,£43.45,In stock (3 available)
Extreme Prey (Lucas Davenport #26),£25.40,In stock (3 available)
"Eaternity: More than 150 Deliciously Easy Vegan Recipes for a Long, Healthy, Satisfied, Joyful Life",£51.75,In stock (14 available)
Finders Keepers (Bill Hodges Trilogy #2),£53.53,In stock (15 available)
Hamilton: The Revolution,£58.79,In stock (14 available)
"Far & Away: Places on the Brink of Change: Seven Continents, Twenty-Five Years",£15.06,In stock (14 available)
First Steps for New Christians (Print Edition),£29.00,In stock (15 available)
Career of Evil (Cormoran Strike #3),£24.72,In stock (3 available)
"Fables, Vol. 1: Legends in Exile (Fables #1)",£41.62,In stock (15 available)
Follow You Home,£21.36,In stock (15 available)
Frostbite (Vampire Academy #2),£29.99,In stock (15 available)
The Cuckoo's Calling (Cormoran Strike #1),£19.21,In stock (3 available)
Grumbles,£22.16,In stock (15 available)
Hollow City (Miss Peregrine’s Peculiar Children #2),£42.98,In stock (15 available)
I Had a Nice Time And Other Lies...: How to find love & sh*t like that,£57.36,In stock (15 available)
Wild Swans,£14.36,In stock (14 available)
Swell: A Year of Waves,£45.58,In stock (14 available)
No Dream Is Too High: Life Lessons From a Man Who Walked on the Moon,£21.95,In stock (14 available)
Looking for Lovely: Collecting the Moments that Matter,£29.14,In stock (14 available)
Dark Notes,£19.19,In stock (15 available)
Large Print Heart of the Pride,£19.15,In stock (15 available)
Let It Out: A Journey Through Journaling,£26.79,In stock (14 available)
"Wonder Woman: Earth One, Volume One (Wonder Woman: Earth One #1)",£37.34,In stock (14 available)
The Literature Book (Big Ideas Simply Explained),£17.43,In stock (14 available)
The Bad-Ass Librarians of Timbuktu: And Their Race to Save the World’s Most Precious Manuscripts,£15.77,In stock (14 available)
Zealot: The Life and Times of Jesus of Nazareth,£24.70,In stock (14 available)
Amy Meets the Saints and Sages,£18.46,In stock (15 available)
Anonymous,£46.82,In stock (15 available)
A Gentleman's Position (Society of Gentlemen #3),£14.75,In stock (11 available)
"Sit, Stay, Love",£20.90,In stock (7 available)
Agnostic: A Spirited Manifesto,£12.51,In stock (15 available)
Amatus,£50.54,In stock (15 available)
What's It Like in Space?: Stories from Astronauts Who've Been There,£19.60,In stock (14 available)
Whole Lotta Creativity Going On: 60 Fun and Unusual Exercises to Awaken and Strengthen Your Creativity,£38.20,In stock (14 available)
The Year of Magical Thinking,£43.04,In stock (14 available)
The Perfect Play (Play by Play #1),£59.99,In stock (4 available)
A Girl's Guide to Moving On (New Beginnings #2),£31.30,In stock (5 available)
This Is Where It Ends,£27.12,In stock (14 available)
Ayumi's Violin,£15.48,In stock (15 available)
The Wright Brothers,£56.80,In stock (14 available)
The Girl with All the Gifts,£49.47,In stock (3 available)
House of Leaves,£54.89,In stock (3 available)
Dark Lover (Black Dagger Brotherhood #1),£12.87,In stock (4 available)
Until Friday Night (The Field Party #1),£46.31,In stock (14 available)
Dirty (Dive Bar #1),£40.83,In stock (12 available)
The Rosie Project (Don Tillman #1),£54.04,In stock (14 available)
Take Me Home Tonight (Rock Star Romance #3),£53.98,In stock (11 available)
Off the Hook (Fishing for Trouble #1),£47.67,In stock (11 available)
Charlie and the Chocolate Factory (Charlie Bucket #1),£22.85,In stock (1 available)
The Star-Touched Queen,£46.02,In stock (14 available)
The Songs of the Gods,£44.48,In stock (14 available)
The Testament of Mary,£52.67,In stock (14 available)
Hold Your Breath (Search and Rescue #1),£28.82,In stock (14 available)
The Wedding Pact (The O'Malleys #2),£32.61,In stock (14 available)
The Time Keeper,£27.88,In stock (14 available)
Night Shift (Night Shift #1-20),£12.75,In stock (4 available)
Needful Things,£47.51,In stock (4 available)
Matilda,£28.34,In stock (1 available)
Diary of a Minecraft Zombie Book 1: A Scare of a Dare (An Unofficial Minecraft Book),£52.88,In stock (2 available)
It,£25.01,In stock (4 available)
'Salem's Lot,£49.56,In stock (4 available)
The Stand,£57.86,In stock (3 available)
Rising Strong,£21.82,In stock (8 available)
Living Forward: A Proven Plan to Stop Drifting and Get the Life You Want,£12.55,In stock (8 available)
Green Eggs and Ham (Beginner Books B-16),£10.79,In stock (3 available)
Counting Thyme,£10.62,In stock (3 available)
Are We There Yet?,£10.66,In stock (3 available)
Misery,£34.79,In stock (4 available)
I Will Find You,£44.21,In stock (8 available)
Pet Sematary,£10.56,In stock (14 available)
Doctor Sleep (The Shining #2),£40.12,In stock (14 available)
Psycho: Sanitarium (Psycho #1.5),£36.97,In stock (12 available)
Horrible Bear!,£37.52,In stock (3 available)
Red Dragon (Hannibal Lecter #1),£23.37,In stock (5 available)
Man's Search for Meaning,£29.48,In stock (8 available)
Dracula the Un-Dead,£35.63,In stock (5 available)
Brazen: The Courage to Find the You That's Been Hiding,£19.22,In stock (8 available)
"Love That Boy: What Two Presidents, Eight Road Trips, and My Son Taught Me About a Parent's Expectations",£25.06,In stock (8 available)
Chernobyl 01:23:40: The Incredible True Story of the World's Worst Nuclear Disaster,£35.92,In stock (9 available)
Sister Dear,£40.20,In stock (7 available)
Memoirs of a Geisha,£49.67,In stock (7 available)
The Bane Chronicles (The Bane Chronicles #1-11),£44.73,In stock (14 available)
Why Not Me?,£17.76,In stock (8 available)
Me Before You (Me Before You #1),£19.02,In stock (6 available)
The Darkest Lie,£35.35,In stock (14 available)
The Bourne Identity (Jason Bourne #1),£42.78,In stock (7 available)
Can You Keep a Secret? (Fear Street Relaunch #4),£48.64,In stock (12 available)
Take Me with You,£45.21,In stock (14 available)
When Breath Becomes Air,£39.36,In stock (8 available)
"The Midnight Assassin: Panic, Scandal, and the Hunt for America's First Serial Killer",£28.45,In stock (8 available)
Smarter Faster Better: The Secrets of Being Productive in Life and Business,£38.89,In stock (8 available)
The Hidden Oracle (The Trials of Apollo #1),£52.26,In stock (14 available)
The Cat in the Hat (Beginner Books B-1),£16.26,In stock (3 available)
"Naruto (3-in-1 Edition), Vol. 14: Includes Vols. 40, 41 & 42 (Naruto: Omnibus #14)",£38.39,In stock (14 available)
Once Was a Time,£18.28,In stock (14 available)
"Overload: How to Unplug, Unwind, and Unleash Yourself from the Pressure of Stress",£52.15,In stock (14 available)
The First Hostage (J.B. Collins #2),£25.85,In stock (14 available)
Rain Fish,£23.57,In stock (14 available)
"Red Hood/Arsenal, Vol. 1: Open for Business (Red Hood/Arsenal #1)",£25.48,In stock (14 available)
The Loney,£23.40,In stock (14 available)
"Zero to One: Notes on Startups, or How to Build the Future",£34.06,In stock (8 available)
Robin War,£47.82,In stock (14 available)
Daredevils,£16.34,In stock (11 available)
Steve Jobs,£39.50,In stock (14 available)
Still Life with Bread Crumbs,£26.41,In stock (14 available)
The Shack,£28.03,In stock (9 available)
The High Mountains of Portugal,£51.15,In stock (8 available)
Miller's Valley,£58.54,In stock (8 available)
Hystopia: A Novel,£21.96,In stock (8 available)
Snatched: How A Drug Queen Went Undercover for the DEA and Was Kidnapped By Colombian Guerillas,£21.21,In stock (12 available)
Furiously Happy: A Funny Book About Horrible Things,£41.46,In stock (12 available)
If I Gave You God's Phone Number....: Searching for Spirituality in America,£20.91,In stock (9 available)
"So Cute It Hurts!!, Vol. 6 (So Cute It Hurts!! #6)",£35.43,In stock (14 available)
Luis Paints the World,£53.95,In stock (14 available)
The Power of Habit: Why We Do What We Do in Life and Business,£16.88,In stock (14 available)
11/22/63,£48.48,In stock (11 available)
"Hush, Hush (Hush, Hush #1)",£47.02,In stock (14 available)
Island of Dragons (Unwanteds #7),£29.65,In stock (14 available)
A Man Called Ove,£39.72,In stock (14 available)
Superman Vol. 1: Before Truth (Superman by Gene Luen Yang #1),£11.89,In stock (14 available)
The Improbability of Love,£59.45,In stock (11 available)
Mothering Sunday,£13.34,In stock (11 available)
Lies and Other Acts of Love,£45.14,In stock (11 available)
Lowriders to the Center of the Earth (Lowriders in Space #2),£51.51,In stock (14 available)
Luckiest Girl Alive,£49.83,In stock (14 available)
Lady Midnight (The Dark Artifices #1),£16.28,In stock (14 available)
Inferno (Robert Langdon #4),£41.00,In stock (3 available)
Crazy Rich Asians (Crazy Rich Asians #1),£49.13,In stock (3 available)
The Dinner Party,£56.54,In stock (12 available)
Big Little Lies,£22.11,In stock (3 available)
The Course of Love,£16.78,In stock (2 available)
The Diary of a Young Girl,£59.90,In stock (12 available)
"Living Leadership by Insight: A Good Leader Achieves, a Great Leader Builds Monuments",£46.91,In stock (14 available)
Bounty (Colorado Mountain #7),£37.26,In stock (1 available)
Eight Hundred Grapes,£14.39,In stock (14 available)
Dear Mr. Knightley,£11.21,In stock (14 available)
Daily Fantasy Sports,£36.58,In stock (14 available)
Demigods & Magicians: Percy and Annabeth Meet the Kanes (Percy Jackson & Kane Chronicles Crossover #1-3),£37.51,In stock (14 available)
The Silent Sister (Riley MacPherson #1),£46.29,In stock (12 available)
Don't Get Caught,£55.35,In stock (14 available)
Jurassic Park (Jurassic Park #1),£44.97,In stock (3 available)
Charity's Cross (Charles Towne Belles #4),£41.24,In stock (1 available)
The Infinities,£27.41,In stock (3 available)
The Da Vinci Code (Robert Langdon #2),£22.96,In stock (3 available)
Crazy Love: Overwhelmed by a Relentless God,£47.72,In stock (14 available)
The Art of Fielding,£22.10,In stock (3 available)
Lila (Gilead #3),£12.47,In stock (3 available)
My Perfect Mistake (Over the Top #1),£38.92,In stock (1 available)
Listen to Me (Fusion #1),£58.99,In stock (1 available)
Fighting Fate (Fighting #6),£39.24,In stock (1 available)
Deep Under (Walker Security #1),£47.09,In stock (1 available)
Every Last Word,£46.47,In stock (14 available)
The Lonely City: Adventures in the Art of Being Alone,£33.26,In stock (12 available)
Greek Mythic History,£10.23,In stock (14 available)
Cometh the Hour (The Clifton Chronicles #6),£25.01,In stock (14 available)
Balloon Animals,£17.03,In stock (14 available)
Siddhartha,£34.22,In stock (5 available)
The Husband's Secret,£52.51,In stock (3 available)
Imperfect Harmony,£34.74,In stock (1 available)
Atlas Shrugged,£26.58,In stock (4 available)
Digital Fortress,£58.00,In stock (5 available)
How to Stop Worrying and Start Living,£46.49,In stock (6 available)
El Deafo,£57.62,In stock (14 available)
You Are a Badass: How to Stop Doubting Your Greatness and Start Living an Awesome Life,£12.08,In stock (7 available)
The Obsession,£45.43,In stock (3 available)
Reservations for Two,£11.10,In stock (3 available)
Best of My Love (Fool's Gold #20),£27.41,In stock (3 available)
The Girl You Left Behind (The Girl You Left Behind #1),£15.79,In stock (6 available)
Last One Home (New Beginnings #1),£59.98,In stock (5 available)
Three-Martini Lunch,£23.21,In stock (3 available)
"Saga, Volume 2 (Saga (Collected Editions) #2)",£11.75,In stock (2 available)
"Fruits Basket, Vol. 2 (Fruits Basket #2)",£11.64,In stock (2 available)
Where Lightning Strikes (Bleeding Stars #3),£39.77,In stock (1 available)
The Little Paris Bookshop,£24.73,In stock (5 available)
The Firm,£45.56,In stock (5 available)
This One Moment (Pushing Limits #1),£48.71,In stock (1 available)
The Expatriates,£44.58,In stock (5 available)
Aristotle and Dante Discover the Secrets of the Universe (Aristotle and Dante Discover the Secrets of the Universe #1),£58.14,In stock (14 available)
Art Ops Vol. 1,£48.80,In stock (14 available)
A Walk to Remember,£56.43,In stock (4 available)
"Fruits Basket, Vol. 9 (Fruits Basket #9)",£33.95,In stock (9 available)
Roller Girl,£14.10,In stock (8 available)
"The Sandman, Vol. 2: The Doll's House (The Sandman (volumes) #2)",£54.81,In stock (2 available)
Original Fake,£31.45,In stock (3 available)
"Grayson, Vol 3: Nemesis (Grayson #3)",£42.72,In stock (3 available)
Angels & Demons (Robert Langdon #1),£51.48,In stock (14 available)
Deception Point,£40.32,In stock (6 available)
"Fruits Basket, Vol. 3 (Fruits Basket #3)",£45.17,In stock (3 available)
Awkward,£38.02,In stock (3 available)
"Black Butler, Vol. 1 (Black Butler #1)",£49.31,In stock (3 available)
"Adulthood Is a Myth: A ""Sarah's Scribbles"" Collection",£10.90,In stock (14 available)
The Purest Hook (Second Circle Tattoos #3),£12.25,In stock (3 available)
Will You Won't You Want Me?,£13.86,In stock (12 available)
All the Light We Cannot See,£29.87,In stock (14 available)
Searching for Meaning in Gailana,£38.73,In stock (13 available)
"The Three Searches, Meaning, and the Story",£13.33,In stock (13 available)
A Distant Mirror: The Calamitous 14th Century,£14.58,In stock (14 available)
"Rhythm, Chord & Malykhin",£28.34,In stock (1 available)
"The Wicked + The Divine, Vol. 3: Commercial Suicide (The Wicked + The Divine)",£14.41,In stock (3 available)
"The Sandman, Vol. 3: Dream Country (The Sandman (volumes) #3)",£55.55,In stock (3 available)
"Saga, Volume 3 (Saga (Collected Editions) #3)",£21.57,In stock (3 available)
Prodigy: The Graphic Novel (Legend: The Graphic Novel #2),£43.63,In stock (3 available)
1491: New Revelations of the Americas Before Columbus,£21.80,In stock (14 available)
Persepolis: The Story of a Childhood (Persepolis #1-2),£39.13,In stock (3 available)
Batman: Europa,£32.01,In stock (14 available)
The Star-Touched Queen,£32.30,In stock (12 available)
Carrie,£46.23,In stock (14 available)
"Carry On, Warrior: Thoughts on Life Unarmed",£31.85,In stock (14 available)
The Nightingale,£26.26,In stock (3 available)
City of Ashes (The Mortal Instruments #2),£47.27,In stock (14 available)
City of Fallen Angels (The Mortal Instruments #4),£11.23,In stock (14 available)
Catching Jordan (Hundred Oaks),£50.83,In stock (14 available)
City of Glass (The Mortal Instruments #3),£56.02,In stock (14 available)
"The Demon Prince of Momochi House, Vol. 4 (The Demon Prince of Momochi House #4)",£27.88,In stock (4 available)
"Fruits Basket, Vol. 6 (Fruits Basket #6)",£20.96,In stock (6 available)
"Death Note, Vol. 6: Give-and-Take (Death Note #6)",£36.39,In stock (6 available)
Clockwork Angel (The Infernal Devices #1),£44.14,In stock (14 available)
My Kind of Crazy,£40.36,In stock (14 available)
Unreasonable Hope: Finding Faith in the God Who Brings Purpose to Your Pain,£46.33,In stock (7 available)
A New Earth: Awakening to Your Life's Purpose,£55.65,In stock (4 available)
"Fruits Basket, Vol. 4 (Fruits Basket #4)",£50.44,In stock (4 available)
"Death Note, Vol. 5: Whiteout (Death Note #5)",£52.41,In stock (5 available)
Logan Kade (Fallen Crest High #5.5),£13.12,In stock (5 available)
"The Sleep Revolution: Transforming Your Life, One Night at a Time",£11.68,In stock (11 available)
"Mother, Can You Not?",£16.89,In stock (11 available)
A Mother's Reckoning: Living in the Aftermath of Tragedy,£19.53,In stock (11 available)
Through the Woods,£25.38,In stock (14 available)
The Epidemic (The Program 0.6),£14.44,In stock (12 available)
"Fruits Basket, Vol. 5 (Fruits Basket #5)",£16.33,In stock (5 available)
How to Speak Golf: An Illustrated Guide to Links Lingo,£58.32,In stock (12 available)
City of Bones (The Mortal Instruments #1),£43.28,In stock (14 available)
Red: The True Story of Red Riding Hood,£28.54,In stock (3 available)
No Love Allowed (Dodge Cove #1),£54.65,In stock (12 available)
One with You (Crossfire #5),£15.71,In stock (12 available)
Vegan Vegetarian Omnivore: Dinner for Everyone at the Table,£13.66,In stock (3 available)
Raspberry Pi Electronics Projects for the Evil Genius,£49.67,In stock (12 available)
Hungry Girl Clean & Hungry: Easy All-Natural Recipes for Healthy Eating in the Real World,£33.14,In stock (3 available)
"Fruits Basket, Vol. 7 (Fruits Basket #7)",£19.57,In stock (7 available)
The Children,£11.88,In stock (12 available)
"The Art of Simple Food: Notes, Lessons, and Recipes from a Delicious Revolution",£34.32,In stock (3 available)
The Gray Rhino: How to Recognize and Act on the Obvious Dangers We Ignore,£59.15,In stock (12 available)
Twenty Yawns,£22.08,In stock (14 available)
"Unbroken: A World War II Story of Survival, Resilience, and Redemption",£45.95,In stock (14 available)
V for Vendetta (V for Vendetta Complete),£37.10,In stock (14 available)
Mexican Today: New and Rediscovered Recipes for Contemporary Kitchens,£24.91,In stock (5 available)
"Eat Fat, Get Thin",£54.07,In stock (14 available)
"We Are Robin, Vol. 1: The Vigilante Business (We Are Robin #1)",£53.90,In stock (14 available)
"10% Happier: How I Tamed the Voice in My Head, Reduced Stress Without Losing My Edge, and Found Self-Help That Actually Works",£24.57,In stock (10 available)
10-Day Green Smoothie Cleanse: Lose Up to 15 Pounds in 10 Days!,£49.71,In stock (10 available)
How to Cook Everything Vegetarian: Simple Meatless Recipes for Great Food (How to Cook Everything),£46.01,In stock (7 available)
The Barefoot Contessa Cookbook,£59.92,In stock (6 available)
Better Homes and Gardens New Cook Book,£39.61,In stock (6 available)
Troublemaker: Surviving Hollywood and Scientology,£48.39,In stock (11 available)
The Smitten Kitchen Cookbook,£23.59,In stock (3 available)
Midnight Riot (Peter Grant/ Rivers of London - books #1),£55.46,In stock (3 available)
Eleanor & Park,£56.51,In stock (12 available)
Heir to the Sky,£44.07,In stock (3 available)
Walt Disney's Alice in Wonderland,£12.96,In stock (14 available)
Eragon (The Inheritance Cycle #1),£43.87,In stock (3 available)
Darkfever (Fever #1),£56.02,In stock (3 available)
Ash,£22.06,In stock (3 available)
A Storm of Swords (A Song of Ice and Fire #3),£31.22,In stock (3 available)
How to Be a Domestic Goddess: Baking and the Art of Comfort Cooking,£28.25,In stock (7 available)
Kill the Boy Band,£15.52,In stock (5 available)
"Unstuffed: Decluttering Your Home, Mind, and Soul",£58.09,In stock (3 available)
Isla and the Happily Ever After (Anna and the French Kiss #3),£48.13,In stock (5 available)
An Abundance of Katherines,£10.00,In stock (5 available)
The Power Greens Cookbook: 140 Delicious Superfood Recipes,£11.05,In stock (5 available)
Under the Banner of Heaven: A Story of Violent Faith,£30.00,In stock (3 available)
God Is Not Great: How Religion Poisons Everything,£27.80,In stock (4 available)
Adultery,£20.88,In stock (11 available)
Grey (Fifty Shades #4),£48.49,In stock (11 available)
Lola and the Boy Next Door (Anna and the French Kiss #2),£23.63,In stock (5 available)
Keep Me Posted,£20.46,In stock (11 available)
The Geography of Bliss: One Grump's Search for the Happiest Places in the World,£28.23,In stock (4 available)
Paper and Fire (The Great Library #2),£49.45,In stock (4 available)
Harry Potter and the Half-Blood Prince (Harry Potter #6),£48.75,In stock (4 available)
Harry Potter and the Order of the Phoenix (Harry Potter #5),£31.63,In stock (4 available)
"Will Grayson, Will Grayson (Will Grayson, Will Grayson)",£47.31,In stock (5 available)
Where She Went (If I Stay #2),£41.73,In stock (5 available)
The Jazz of Physics: The Secret Link Between Music and the Structure of the Universe,£38.71,In stock (4 available)
The Gunning of America: Business and the Making of American Gun Culture,£16.81,In stock (4 available)
Talking to Girls About Duran Duran: One Young Man's Quest for True Love and a Cooler Haircut,£25.15,In stock (5 available)
Walk the Edge (Thunder Road #2),£32.36,In stock (3 available)
Very Good Lives: The Fringe Benefits of Failure and the Importance of Imagination,£50.66,In stock (3 available)
My Mother Was Nuts,£31.63,In stock (5 available)
"Data, A Love Story: How I Gamed Online Dating to Meet My Match",£32.35,In stock (5 available)
Two Summers,£14.64,In stock (5 available)
The Darkest Corners,£11.33,In stock (5 available)
Don't Forget Steven,£33.23,In stock (9 available)
Modern Day Fables,£47.44,In stock (9 available)
The Raven Boys (The Raven Cycle #1),£57.74,In stock (5 available)
South of Sunshine,£28.93,In stock (8 available)
My Life Next Door (My Life Next Door ),£36.39,In stock (8 available)
"Exit, Pursued by a Bear",£51.34,In stock (11 available)
Future Shock (Future Shock #1),£55.65,In stock (8 available)
Nightstruck: A Novel,£50.35,In stock (7 available)
The False Prince (The Ascendance Trilogy #1),£56.00,In stock (5 available)
Tell Me Three Things,£41.81,In stock (5 available)
Tell the Wind and Fire,£45.51,In stock (5 available)
Finding God in the Ruins: How God Redeems Pain,£46.64,In stock (7 available)
The Man Who Mistook His Wife for a Hat and Other Clinical Tales,£59.45,In stock (6 available)
The Flowers Lied,£16.68,In stock (9 available)
In Cold Blood,£49.98,In stock (6 available)
A Feast for Crows (A Song of Ice and Fire #4),£17.21,In stock (5 available)
The Demonists (Demonist #1),£52.11,In stock (4 available)
The Raven King (The Raven Cycle #4),£30.57,In stock (5 available)
Fun Home: A Family Tragicomic,£56.59,In stock (6 available)
Find Her (Detective D.D. Warren #8),£22.37,In stock (5 available)
Every Heart a Doorway (Every Heart A Doorway #1),£12.16,In stock (7 available)
A Gathering of Shadows (Shades of Magic #2),£44.81,In stock (7 available)
The Beast (Black Dagger Brotherhood #14),£46.08,In stock (4 available)
"NaNo What Now? Finding your editing process, revising your NaNoWriMo book and building a writing career through publishing and beyond",£10.41,In stock (9 available)
For the Love: Fighting for Grace in a World of Impossible Standards,£45.13,In stock (7 available)
Nap-a-Roo,£25.08,In stock (9 available)
Mere Christianity,£48.51,In stock (6 available)
Why Save the Bankers?: And Other Essays on Our Economic and Political Crisis,£48.67,In stock (5 available)
The Alien Club,£54.40,In stock (9 available)
Kitchens of the Great Midwest,£57.20,In stock (1 available)
Between the World and Me,£56.91,In stock (8 available)
"Girl, Interrupted",£42.14,In stock (6 available)
The Joy of Cooking,£43.27,In stock (6 available)
Good in Bed (Cannie Shapiro #1),£37.05,In stock (7 available)
The Golden Compass (His Dark Materials #1),£18.77,In stock (6 available)
The God Delusion,£46.85,In stock (6 available)
"A Murder Over a Girl: Justice, Gender, Junior High",£13.20,In stock (8 available)
The New Brand You: Your New Image Makes the Sale for You,£44.05,In stock (9 available)
The Bette Davis Club,£30.66,In stock (1 available)
Underlying Notes,£11.82,In stock (9 available)
Being Mortal: Medicine and What Matters in the End,£55.06,In stock (8 available)
Unlimited Intuition Now,£58.87,In stock (9 available)
John Adams,£57.43,In stock (7 available)
Watchmen,£58.05,In stock (9 available)
The Silent Wife,£12.34,In stock (1 available)
"Bleach, Vol. 1: Strawberry and the Soul Reapers (Bleach #1)",£34.65,In stock (1 available)
"Ajin: Demi-Human, Volume 1 (Ajin: Demi-Human #1)",£57.06,In stock (1 available)
A Hero's Curse (The Unseen Chronicles #1),£50.49,In stock (9 available)
23 Degrees South: A Tropical Tale of Changing Whether...,£35.79,In stock (9 available)
Pride and Prejudice,£19.27,In stock (6 available)
"Fruits Basket, Vol. 1 (Fruits Basket #1)",£40.28,In stock (1 available)
The Glass Castle,£16.24,In stock (7 available)
The Drowning Girls,£35.67,In stock (7 available)
When I'm Gone,£51.96,In stock (1 available)
Bright Lines,£39.07,In stock (1 available)
Without Shame,£48.27,In stock (9 available)
Harry Potter and the Chamber of Secrets (Harry Potter #2),£14.74,In stock (4 available)
The Rose & the Dagger (The Wrath and the Dawn #2),£58.64,In stock (3 available)
Soldier (Talon #3),£24.72,In stock (3 available)
"Paper Girls, Vol. 1 (Paper Girls #1-5)",£21.71,In stock (1 available)
"Giant Days, Vol. 1 (Giant Days #1-4)",£56.76,In stock (1 available)
A Shard of Ice (The Black Symphony Saga #1),£56.63,In stock (9 available)
"Ouran High School Host Club, Vol. 1 (Ouran High School Host Club #1)",£29.87,In stock (1 available)
The Martian (The Martian #1),£41.39,In stock (8 available)
Tell the Wolves I'm Home,£50.96,In stock (6 available)
"Rat Queens, Vol. 1: Sass & Sorcery (Rat Queens (Collected Editions) #1-5)",£46.96,In stock (1 available)
"Ms. Marvel, Vol. 1: No Normal (Ms. Marvel (2014-2015) #1)",£39.39,In stock (1 available)
We the People: The Modern-Day Figures Who Have Reshaped and Affirmed the Founding Fathers' Vision of America,£31.95,In stock (3 available)
Blue Like Jazz: Nonreligious Thoughts on Christian Spirituality,£25.77,In stock (7 available)
Team of Rivals: The Political Genius of Abraham Lincoln,£20.12,In stock (7 available)
Silence in the Dark (Logan Point #4),£58.33,In stock (8 available)
The Grownup,£35.88,In stock (8 available)
Suzie Snowflake: One beautiful flake (a self-esteem story),£54.81,In stock (9 available)
The Art and Science of Low Carbohydrate Living,£52.98,In stock (9 available)
"The Wicked + The Divine, Vol. 1: The Faust Act (The Wicked + The Divine)",£36.52,In stock (1 available)
The Unlikely Pilgrimage of Harold Fry (Harold Fry #1),£43.62,In stock (8 available)
"The Sandman, Vol. 1: Preludes and Nocturnes (The Sandman (volumes) #1)",£54.12,In stock (1 available)
The Complete Maus (Maus #1-2),£10.64,In stock (1 available)
"Skip Beat!, Vol. 01 (Skip Beat! #1)",£42.12,In stock (1 available)
"Y: The Last Man, Vol. 1: Unmanned (Y: The Last Man #1)",£18.51,In stock (1 available)
Batman: The Dark Knight Returns (Batman),£15.38,In stock (15 available)
Harry Potter and the Prisoner of Azkaban (Harry Potter #3),£24.17,In stock (4 available)
Why the Right Went Wrong: Conservatism--From Goldwater to the Tea Party and Beyond,£52.65,In stock (14 available)
Changing the Game (Play by Play #2),£13.38,In stock (4 available)
Batman: The Long Halloween (Batman),£36.50,In stock (15 available)
"Hawkeye, Vol. 1: My Life as a Weapon (Hawkeye #1)",£45.24,In stock (1 available)
"Saga, Volume 1 (Saga (Collected Editions) #1)",£28.48,In stock (1 available)
I'll Give You the Sun,£56.48,In stock (8 available)
Left Behind (Left Behind #1),£40.72,In stock (8 available)
Beauty Restored (Riley Family Legacy Novellas #3),£11.11,In stock (15 available)
Girl Online On Tour (Girl Online #2),£53.47,In stock (2 available)
The Haters,£27.89,In stock (1 available)
The Art of Not Breathing,£40.83,In stock (1 available)
Amid the Chaos,£36.58,In stock (15 available)
New Moon (Twilight #2),£12.86,In stock (2 available)
John Vassos: Industrial Design for Modern Life,£20.22,In stock (8 available)
Boy Meets Boy,£21.12,In stock (3 available)
Becoming Wise: An Inquiry into the Mystery and Art of Living,£27.43,In stock (15 available)
Big Magic: Creative Living Beyond Fear,£30.80,In stock (15 available)
Chasing Heaven: What Dying Taught Me About Living,£37.80,In stock (15 available)
Equal Is Unfair: America's Misguided Fight Against Income Inequality,£56.86,In stock (12 available)
Library of Souls (Miss Peregrine’s Peculiar Children #3),£48.56,In stock (15 available)
Little Red,£13.47,In stock (15 available)
Annie on My Mind,£36.83,In stock (3 available)
Ender's Game (The Ender Quintet #1),£43.64,In stock (8 available)
Brilliant Beacons: A History of the American Lighthouse,£11.45,In stock (8 available)
The Mysterious Affair at Styles (Hercule Poirot #1),£24.80,In stock (6 available)
Golden (Heart of Dread #3),£42.21,In stock (3 available)
Cinder (The Lunar Chronicles #1),£26.09,In stock (3 available)
The Whale,£35.96,In stock (7 available)
The Year of Living Biblically: One Man's Humble Quest to Follow the Bible as Literally as Possible,£34.72,In stock (7 available)
"Daring Greatly: How the Courage to Be Vulnerable Transforms the Way We Live, Love, Parent, and Lead",£19.43,In stock (15 available)
Scarlet (The Lunar Chronicles #2),£14.57,In stock (3 available)
Legend (Legend #1),£43.69,In stock (3 available)
Lady Renegades (Rebel Belle #3),£53.04,In stock (3 available)
Wildlife of New York: A Five-Borough Coloring Book,£22.14,In stock (7 available)
"""Most Blessed of the Patriarchs"": Thomas Jefferson and the Empire of the Imagination",£44.48,In stock (8 available)
"The Land of 10,000 Madonnas",£29.64,In stock (3 available)
Heaven is for Real: A Little Boy's Astounding Story of His Trip to Heaven and Back,£52.86,In stock (8 available)
Miss Peregrine’s Home for Peculiar Children (Miss Peregrine’s Peculiar Children #1),£10.76,In stock (15 available)
Buying In: The Secret Dialogue Between What We Buy and Who We Are,£37.80,In stock (14 available)
Brain on Fire: My Month of Madness,£49.32,In stock (14 available)
The New Guy (and Other Senior Year Distractions),£44.92,In stock (3 available)
Abstract City,£56.37,In stock (14 available)
The Devil Wears Prada (The Devil Wears Prada #1),£44.29,In stock (3 available)
The Nanny Diaries (Nanny #1),£52.53,In stock (3 available)
Two Boys Kissing,£32.74,In stock (3 available)
Death by Leisure: A Cautionary Tale,£37.51,In stock (8 available)
Origins (Alphas 0.5),£28.99,In stock (1 available)
One Second (Seven #7),£52.94,In stock (1 available)
Arena,£21.36,In stock (11 available)
Myriad (Prentor #1),£58.75,In stock (1 available)
Something Borrowed (Darcy & Rachel #1),£48.96,In stock (3 available)
Shadow Rites (Jane Yellowrock #10),£21.72,In stock (1 available)
The Edge of Reason (Bridget Jones #2),£19.18,In stock (1 available)
Suddenly in Love (Lake Haven #1),£55.99,In stock (15 available)
Sister Sable (The Mad Queen #1),£13.33,In stock (1 available)
Feathers: Displays of Brilliant Plumage,£49.05,In stock (14 available)
The Art of War,£33.34,In stock (15 available)
The New Drawing on the Right Side of the Brain,£43.02,In stock (8 available)
I've Got Your Number,£19.69,In stock (3 available)
History of Beauty,£10.29,In stock (8 available)
The Story of Art,£41.14,In stock (7 available)
Something Blue (Darcy & Rachel #2),£54.62,In stock (3 available)
Some Women,£13.73,In stock (4 available)
#GIRLBOSS,£50.96,In stock (3 available)
The Silent Twin (Detective Jennifer Knight #3),£36.25,In stock (1 available)
The Mirror & the Maze (The Wrath and the Dawn #1.5),£29.38,In stock (1 available)
Meternity,£43.58,In stock (7 available)
Can You Keep a Secret?,£21.94,In stock (4 available)
Fire Bound (Sea Haven/Sisters of the Heart #5),£21.28,In stock (3 available)
Twenties Girl,£42.80,In stock (3 available)
Cosmos,£36.17,In stock (3 available)
The Undomestic Goddess,£45.75,In stock (3 available)
Lost Among the Living,£27.70,In stock (1 available)
The Long Shadow of Small Ghosts: Murder and Memory in an American City,£10.97,In stock (15 available)
Shopaholic Ties the Knot (Shopaholic #3),£48.39,In stock (4 available)
Vampire Girl (Vampire Girl #1),£53.82,In stock (1 available)
Something More Than This,£16.24,In stock (15 available)
Playing from the Heart,£32.38,In stock (7 available)
The Murder of Roger Ackroyd (Hercule Poirot #4),£44.10,In stock (15 available)
Raymie Nightingale,£34.41,In stock (7 available)
A Spy's Devotion (The Regency Spies of London #1),£16.97,In stock (1 available)
Rogue Lawyer (Rogue Lawyer #1),£50.11,In stock (3 available)
Manuscript Found in Accra,£34.98,In stock (3 available)
The Case for Christ (Cases for Christianity),£47.84,In stock (3 available)
The Blind Side: Evolution of a Game,£53.71,In stock (3 available)
The Good Girl,£49.03,In stock (7 available)
The Great Gatsby,£36.05,In stock (7 available)
The Project,£10.65,In stock (15 available)
Steal Like an Artist: 10 Things Nobody Told You About Being Creative,£20.90,In stock (7 available)
"Shrunken Treasures: Literary Classics, Short, Sweet, and Silly",£52.87,In stock (7 available)
The Regional Office Is Under Attack!,£51.36,In stock (15 available)
Thomas Jefferson and the Tripoli Pirates: The Forgotten War That Changed American History,£59.64,In stock (15 available)
Throne of Glass (Throne of Glass #1),£35.07,In stock (15 available)
The Complete Poems,£41.32,In stock (3 available)
The Catcher in the Rye,£24.55,In stock (3 available)
King's Folly (The Kinsman Chronicles #1),£39.61,In stock (7 available)
Tuesday Nights in 1980,£21.04,In stock (15 available)
The 7 Habits of Highly Effective People: Powerful Lessons in Personal Change,£33.17,In stock (7 available)
Sarah's Key,£46.29,In stock (3 available)
The Purpose Driven Life: What on Earth Am I Here for?,£37.19,In stock (3 available)
The Hitchhiker's Guide to the Galaxy (Hitchhiker's Guide to the Galaxy #1),£47.80,In stock (3 available)
The Girl Who Kicked the Hornet's Nest (Millennium Trilogy #3),£57.48,In stock (3 available)
Seven Days in the Art World,£52.33,In stock (3 available)
I Am Malala: The Girl Who Stood Up for Education and Was Shot by the Taliban,£28.88,In stock (3 available)
Disrupted: My Misadventure in the Start-Up Bubble,£15.28,In stock (3 available)
Brave Enough,£51.32,In stock (3 available)
"Born to Run: A Hidden Tribe, Superathletes, and the Greatest Race the World Has Never Seen",£27.35,In stock (3 available)
Life of Pi,£13.22,In stock (7 available)
"The End of Faith: Religion, Terror, and the Future of Reason",£22.13,In stock (3 available)
The Tipping Point: How Little Things Can Make a Big Difference,£10.02,In stock (3 available)
The Rest Is Noise: Listening to the Twentieth Century,£34.77,In stock (3 available)
"William Shakespeare's Star Wars: Verily, A New Hope (William Shakespeare's Star Wars #4)",£43.30,In stock (15 available)
(Un)Qualified: How God Uses Broken People to Do Big Things,£54.00,In stock (16 available)
A Fierce and Subtle Poison,£28.13,In stock (16 available)
A Murder in Time,£16.64,In stock (16 available)
Evicted: Poverty and Profit in the American City,£42.27,In stock (5 available)
"Miracles from Heaven: A Little Girl, Her Journey to Heaven, and Her Amazing Story of Healing",£57.83,In stock (3 available)
Gratitude,£26.66,In stock (3 available)
A Court of Thorns and Roses (A Court of Thorns and Roses #1),£52.37,In stock (16 available)
Letter to a Christian Nation,£22.20,In stock (3 available)
Let's Pretend This Never Happened: A Mostly True Memoir,£45.11,In stock (3 available)
It's Never Too Late to Begin Again: Discovering Creativity and Meaning at Midlife and Beyond,£42.38,In stock (3 available)
Into the Wild,£56.70,In stock (3 available)
Blink: The Power of Thinking Without Thinking,£21.74,In stock (3 available)
A Clash of Kings (A Song of Ice and Fire #2),£10.79,In stock (5 available)
"Avatar: The Last Airbender: Smoke and Shadow, Part 3 (Smoke and Shadow #3)",£28.09,In stock (16 available)
"Bitch Planet, Vol. 1: Extraordinary Machine (Bitch Planet (Collected Editions))",£37.92,In stock (16 available)
Bossypants,£49.46,In stock (16 available)
A Game of Thrones (A Song of Ice and Fire #1),£46.42,In stock (5 available)
Call the Nurse: True Stories of a Country Nurse on a Scottish Isle,£29.14,In stock (16 available)
Crown of Midnight (Throne of Glass #2),£43.29,In stock (16 available)
"Don't Be a Jerk: And Other Practical Advice from Dogen, Japan's Greatest Zen Master",£37.97,In stock (16 available)
Notes from a Small Island (Notes From a Small Island #1),£40.17,In stock (3 available)
"Rise of the Rocket Girls: The Women Who Propelled Us, from Missiles to the Moon to Mars",£41.67,In stock (3 available)
Outliers: The Story of Success,£14.16,In stock (3 available)
Night (The Night Trilogy #1),£13.51,In stock (3 available)
Stiff: The Curious Lives of Human Cadavers,£36.74,In stock (3 available)
Everydata: The Misinformation Hidden in the Little Data You Consume Every Day,£54.35,In stock (16 available)
Fifty Shades Darker (Fifty Shades #2),£21.96,In stock (16 available)
First and First (Five Boroughs #3),£15.97,In stock (16 available)
Burning,£28.81,In stock (16 available)
"In the Garden of Beasts: Love, Terror, and an American Family in Hitler's Berlin",£28.85,In stock (3 available)
Forever and Forever: The Courtship of Henry Longfellow and Fanny Appleton,£29.69,In stock (16 available)
Her Backup Boyfriend (The Sorensen Family #1),£33.97,In stock (16 available)
How to Be Miserable: 40 Strategies You Already Use,£46.03,In stock (16 available)
The Rise and Fall of the Third Reich: A History of Nazi Germany,£39.67,In stock (6 available)
Spilled Milk: Based on a True Story,£49.51,In stock (3 available)
"Trespassing Across America: One Man's Epic, Never-Done-Before (and Sort of Illegal) Hike Across the Heartland",£53.51,In stock (3 available)
The Communist Manifesto,£14.76,In stock (1 available)
Old School (Diary of a Wimpy Kid #10),£11.83,In stock (14 available)
Lord of the Flies,£24.89,In stock (1 available)
The Name of God is Mercy,£37.25,In stock (3 available)
The Thing About Jellyfish,£48.77,In stock (3 available)
The Light of the Fireflies,£54.43,In stock (1 available)
The Lonely Ones,£43.59,In stock (3 available)
The Day the Crayons Came Home (Crayons),£26.33,In stock (3 available)
The Perks of Being a Wallflower,£55.02,In stock (6 available)
Maybe Something Beautiful: How Art Transformed a Neighborhood,£22.54,In stock (5 available)
The Fellowship of the Ring (The Lord of the Rings #1),£10.27,In stock (6 available)
The Iliad,£16.16,In stock (1 available)
The Hobbit (Middle-Earth Universe),£17.80,In stock (6 available)
The Makings of a Fatherless Child,£31.58,In stock (6 available)
The Wild Robot,£56.07,In stock (3 available)
I Know What I'm Doing -- and Other Lies I Tell Myself: Dispatches from a Life Under Construction,£25.98,In stock (14 available)
The Sense of an Ending,£31.38,In stock (2 available)
The Republic,£33.78,In stock (1 available)
Lilac Girls,£17.28,In stock (11 available)
A Brush of Wings (Angels Walking #3),£55.51,In stock (14 available)
"Hyperbole and a Half: Unfortunate Situations, Flawed Coping Mechanisms, Mayhem, and Other Things That Happened",£14.75,In stock (14 available)
Rook,£37.86,In stock (13 available)
The Sound Of Love,£57.84,In stock (6 available)
Holidays on Ice,£51.07,In stock (3 available)
The Midnight Watch: A Novel of the Titanic and the Californian,£26.20,In stock (12 available)
Judo: Seven Steps to Black Belt (an Introductory Guide for Beginners),£53.90,In stock (16 available)
Immunity: How Elie Metchnikoff Changed the Course of Modern Medicine,£57.36,In stock (16 available)
Obsidian (Lux #1),£14.86,In stock (16 available)
Musicophilia: Tales of Music and the Brain,£46.58,In stock (6 available)
Ship Leaves Harbor: Essays on Travel by a Recovering Journeyman,£30.60,In stock (6 available)
Tipping Point for Planet Earth: How Close Are We to the Edge?,£37.55,In stock (12 available)
A Short History of Nearly Everything,£52.40,In stock (7 available)
The Odyssey,£29.64,In stock (1 available)
On a Midnight Clear,£14.07,In stock (16 available)
"The Fabric of the Cosmos: Space, Time, and the Texture of Reality",£55.91,In stock (9 available)
Online Marketing for Busy Authors: A Step-By-Step Guide,£46.35,In stock (16 available)
Stars Above (The Lunar Chronicles #4.5),£48.05,In stock (12 available)
Sorting the Beef from the Bull: The Science of Food Fraud Forensics,£44.74,In stock (14 available)
"Layered: Baking, Building, and Styling Spectacular Cakes",£40.11,In stock (16 available)
Voyager (Outlander #3),£21.07,In stock (3 available)
The Nerdy Nummies Cookbook: Sweet Treats for the Geek in All of Us,£37.34,In stock (15 available)
The Activist's Tao Te Ching: Ancient Advice for a Modern Revolution,£32.24,In stock (16 available)
"The Bulletproof Diet: Lose up to a Pound a Day, Reclaim Energy and Focus, Upgrade Your Life",£49.05,In stock (16 available)
The Electric Pencil: Drawings from Inside State Hospital No. 3,£56.06,In stock (16 available)
The Gutsy Girl: Escapades for Your Life of Epic Adventure,£37.13,In stock (16 available)
"The Inefficiency Assassin: Time Management Tactics for Working Smarter, Not Longer",£20.59,In stock (16 available)
Princess Between Worlds (Wide-Awake Princess #5),£13.34,In stock (16 available)
The Life-Changing Magic of Tidying Up: The Japanese Art of Decluttering and Organizing,£16.77,In stock (16 available)
What If?: Serious Scientific Answers to Absurd Hypothetical Questions,£53.68,In stock (5 available)
"The Mindfulness and Acceptance Workbook for Anxiety: A Guide to Breaking Free from Anxiety, Phobias, and Worry Using Acceptance and Commitment Therapy",£23.89,In stock (16 available)
The Age of Genius: The Seventeenth Century and the Birth of the Modern Mind,£19.73,In stock (16 available)
The Most Perfect Thing: Inside (and Outside) a Bird's Egg,£42.96,In stock (16 available)
The Murder That Never Was (Forensic Instincts #5),£54.11,In stock (16 available)
The Art Forger,£40.76,In stock (16 available)
"A la Mode: 120 Recipes in 60 Pairings: Pies, Tarts, Cakes, Crisps, and More Topped with Ice Cream, Gelato, Frozen Custard, and More",£38.77,In stock (12 available)
"Political Suicide: Missteps, Peccadilloes, Bad Calls, Backroom Hijinx, Sordid Pasts, Rotten Breaks, and Just Plain Dumb Mistakes in the Annals of American Politics",£36.28,In stock (16 available)
The Origin of Species,£10.01,In stock (7 available)
The Grand Design,£13.76,In stock (5 available)
"The Elegant Universe: Superstrings, Hidden Dimensions, and the Quest for the Ultimate Theory",£13.03,In stock (3 available)
"The Disappearing Spoon: And Other True Tales of Madness, Love, and the History of the World from the Periodic Table of the Elements",£57.35,In stock (3 available)
The Mistake (Off-Campus #2),£43.29,In stock (15 available)
The Matchmaker's Playbook (Wingmen Inc. #1),£55.85,In stock (15 available)
The Hook Up (Game On #1),£36.29,In stock (1 available)
Shameless,£58.35,In stock (1 available)
The Fault in Our Stars,£47.22,In stock (5 available)
Off Sides (Off #1),£39.45,In stock (1 available)
The Secret of Dreadwillow Carse,£56.13,In stock (16 available)
The Torch Is Passed: A Harding Family Story,£19.09,In stock (16 available)
Thirst,£17.27,In stock (16 available)
"The Moosewood Cookbook: Recipes from Moosewood Restaurant, Ithaca, New York",£12.34,In stock (9 available)
Remember Me?,£11.48,In stock (5 available)
Shiver (The Wolves of Mercy Falls #1),£16.23,In stock (5 available)
The 5th Wave (The 5th Wave #1),£11.83,In stock (5 available)
The Dream Thieves (The Raven Cycle #2),£34.50,In stock (5 available)
Throwing Rocks at the Google Bus: How Growth Became the Enemy of Prosperity,£31.12,In stock (16 available)
"Unbound: How Eight Technologies Made Us Human, Transformed Society, and Brought Our World to the Brink",£25.52,In stock (16 available)
Tsubasa: WoRLD CHRoNiCLE 2 (Tsubasa WoRLD CHRoNiCLE #2),£16.28,In stock (16 available)
Peak: Secrets from the New Science of Expertise,£16.28,In stock (5 available)
Unicorn Tracks,£18.78,In stock (16 available)
"1,000 Places to See Before You Die",£26.08,In stock (1 available)
Untitled Collection: Sabbath Poems 2014,£14.27,In stock (16 available)
"We Love You, Charlie Freeman",£50.27,In stock (16 available)
Without Borders (Wanderlove #1),£45.07,In stock (16 available)
Private Paris (Private #10),£47.61,In stock (17 available)
This One Summer,£19.49,In stock (16 available)
Give It Back,£18.32,In stock (6 available)
Slow States of Collapse: Poems,£57.31,In stock (17 available)
Killing Floor (Jack Reacher #1),£31.49,In stock (5 available)
The E-Myth Revisited: Why Most Small Businesses Don't Work and What to Do About It,£36.91,In stock (8 available)
"Rich Dad, Poor Dad",£51.74,In stock (7 available)
The Lean Startup: How Today's Entrepreneurs Use Continuous Innovation to Create Radically Successful Businesses,£33.92,In stock (3 available)
The Art of Startup Fundraising,£21.00,In stock (11 available)
Emma,£32.93,In stock (1 available)
The Collected Poems of W.B. Yeats (The Collected Works of W.B. Yeats #1),£15.42,In stock (6 available)
Alice in Wonderland (Alice's Adventures in Wonderland #1),£55.53,In stock (1 available)
The Crossover,£38.77,In stock (5 available)
Twenty Love Poems and a Song of Despair,£30.95,In stock (1 available)
"Vampire Knight, Vol. 1 (Vampire Knight #1)",£15.40,In stock (1 available)
You Are What You Love: The Spiritual Power of Habit,£21.87,In stock (15 available)
God: The Most Unpleasant Character in All Fiction,£30.03,In stock (14 available)
Born for This: How to Find the Work You Were Meant to Do,£21.59,In stock (11 available)
Reasons to Stay Alive,£26.41,In stock (17 available)
The Book of Mormon,£24.57,In stock (9 available)
"A History of God: The 4,000-Year Quest of Judaism, Christianity, and Islam",£27.62,In stock (4 available)
The Bhagavad Gita,£57.49,In stock (1 available)
Choosing Our Religion: The Spiritual Lives of America's Nones,£28.42,In stock (1 available)
#HigherSelfie: Wake Up Your Life. Free Your Soul. Find Your Tribe.,£23.11,In stock (17 available)
"Blue Lily, Lily Blue (The Raven Cycle #3)",£34.13,In stock (5 available)
Booked,£17.49,In stock (5 available)
Drama,£38.70,In stock (5 available)
Fool Me Once,£16.96,In stock (5 available)
Harry Potter and the Deathly Hallows (Harry Potter #7),£23.32,In stock (5 available)
If I Stay (If I Stay #1),£38.13,In stock (5 available)
"Setting the World on Fire: The Brief, Astonishing Life of St. Catherine of Siena",£21.15,In stock (11 available)
The Faith of Christopher Hitchens: The Restless Soul of the World's Most Notorious Atheist,£39.55,In stock (7 available)
Benjamin Franklin: An American Life,£48.19,In stock (7 available)
Someone Like You (The Harrisons #2),£52.79,In stock (14 available)
The Rise of Theodore Roosevelt (Theodore Roosevelt #1),£42.57,In stock (3 available)
Shtum,£55.84,In stock (14 available)
My Name Is Lucy Barton,£41.56,In stock (14 available)
My Mrs. Brown,£24.48,In stock (14 available)
Mr. Mercedes (Bill Hodges Trilogy #1),£28.90,In stock (14 available)
We Are All Completely Beside Ourselves,£24.04,In stock (3 available)
No One Here Gets Out Alive,£20.02,In stock (4 available)
Travels with Charley: In Search of America,£57.82,In stock (1 available)
Kindle Paperwhite User's Guide,£34.00,In stock (2 available)
H is for Hawk,£57.42,In stock (2 available)
The End of the Jesus Era (An Investigation #1),£14.40,In stock (1 available)
"Eat, Pray, Love",£51.32,In stock (1 available)
Catherine the Great: Portrait of a Woman,£58.55,In stock (6 available)
"Orchestra of Exiles: The Story of Bronislaw Huberman, the Israel Philharmonic, and the One Thousand Jews He Saved from Nazi Horrors",£12.36,In stock (4 available)
I Am Pilgrim (Pilgrim #1),£10.60,In stock (14 available)
I Know Why the Caged Bird Sings (Maya Angelou's Autobiography #1),£36.55,In stock (5 available)
Life,£31.58,In stock (2 available)
The Mathews Men: Seven Brothers and the War Against Hitler's U-boats,£42.91,In stock (5 available)
Eligible (The Austen Project #4),£27.09,In stock (14 available)
The Tumor,£41.56,In stock (1 available)
The Hiding Place,£55.91,In stock (5 available)
Forever Rockers (The Rocker #12),£28.80,In stock (1 available)
Black Flags: The Rise of ISIS,£40.87,In stock (3 available)
Are We Smart Enough to Know How Smart Animals Are?,£56.58,In stock (3 available)
"The Suffragettes (Little Black Classics, #96)",£11.89,In stock (2 available)
America's War for the Greater Middle East: A Military History,£51.22,In stock (5 available)
The Power of Now: A Guide to Spiritual Enlightenment,£43.54,In stock (15 available)
The Guns of August,£14.54,In stock (3 available)
A Walk in the Woods: Rediscovering America on the Appalachian Trail,£30.48,In stock (3 available)
Old Records Never Die: One Man's Quest for His Vinyl and His Past,£55.66,In stock (1 available)
The Omnivore's Dilemma: A Natural History of Four Meals,£38.21,In stock (15 available)
"House of Lost Worlds: Dinosaurs, Dynasties, and the Story of Life on Earth",£43.70,In stock (3 available)
The Artist's Way: A Spiritual Path to Higher Creativity,£38.49,In stock (15 available)
The Genius of Birds,£17.24,In stock (15 available)
Behind Closed Doors,£52.22,In stock (18 available)
"In a Dark, Dark Wood",£19.63,In stock (18 available)
Maude (1883-1993):She Grew Up with the country,£18.02,In stock (18 available)
Penny Maybe,£33.29,In stock (18 available)
Vogue Colors A to Z: A Fashion Coloring Book,£52.35,In stock (4 available)
The Hunger Games (The Hunger Games #1),£29.85,In stock (4 available)
The Shining (The Shining #1),£27.88,In stock (4 available)
So You've Been Publicly Shamed,£12.23,In stock (15 available)
You can't bury them all: Poems,£33.63,In stock (17 available)
Algorithms to Live By: The Computer Science of Human Decisions,£30.81,In stock (16 available)
Alight (The Generations Trilogy #2),£58.59,In stock (5 available)
Mockingjay (The Hunger Games #3),£20.44,In stock (4 available)
Harry Potter and the Sorcerer's Stone (Harry Potter #1),£13.90,In stock (4 available)
Outlander (Outlander #1),£19.67,In stock (4 available)
"Where'd You Go, Bernadette",£18.13,In stock (3 available)
World War Z: An Oral History of the Zombie War,£21.80,In stock (3 available)
Confessions of a Shopaholic (Shopaholic #1),£48.94,In stock (4 available)
Wild: From Lost to Found on the Pacific Crest Trail,£46.02,In stock (3 available)
Zero History (Blue Ant #3),£34.77,In stock (3 available)
Twilight (Twilight #1),£41.93,In stock (3 available)
The Paris Wife,£36.80,In stock (3 available)
The Maze Runner (The Maze Runner #1),£20.93,In stock (3 available)
The Lover's Dictionary,£58.09,In stock (3 available)
The Girl Who Played with Fire (Millennium Trilogy #2),£22.14,In stock (3 available)
The Demon-Haunted World: Science as a Candle in the Dark,£52.25,In stock (3 available)
The Goldfinch,£43.58,In stock (3 available)
The Giver (The Giver Quartet #1),£12.30,In stock (3 available)
The Book Thief,£53.49,In stock (3 available)
The Autobiography of Malcolm X,£23.43,In stock (3 available)
Shopaholic & Baby (Shopaholic #5),£46.45,In stock (3 available)
Quiet: The Power of Introverts in a World That Can't Stop Talking,£43.55,In stock (3 available)
Orange Is the New Black,£24.61,In stock (3 available)
One for the Money (Stephanie Plum #1),£32.87,In stock (3 available)
Packing for Mars: The Curious Science of Life in the Void,£56.68,In stock (3 available)
"Lean In: Women, Work, and the Will to Lead",£25.02,In stock (3 available)
Morning Star (Red Rising #3),£29.40,In stock (3 available)
Life After Life,£26.13,In stock (3 available)
Is Everyone Hanging Out Without Me? (And Other Concerns),£20.11,In stock (3 available)
Gone Girl,£37.60,In stock (3 available)
Eclipse (Twilight #3),£18.74,In stock (3 available)
"David and Goliath: Underdogs, Misfits, and the Art of Battling Giants",£17.81,In stock (3 available)
Dracula,£52.62,In stock (3 available)
Fellside,£38.62,In stock (3 available)
Dead Wake: The Last Crossing of the Lusitania,£39.24,In stock (3 available)
Dark Places,£23.90,In stock (3 available)
Breaking Dawn (Twilight #4),£35.28,In stock (3 available)
Beautiful Creatures (Caster Chronicles #1),£21.55,In stock (3 available)
A Visit from the Goon Squad,£14.08,In stock (3 available)
The Zombie Room,£19.69,In stock (1 available)
The Name of the Wind (The Kingkiller Chronicle #1),£50.59,In stock (1 available)
Taking Shots (Assassins #1),£18.88,In stock (1 available)
Shatter Me (Shatter Me #1),£42.40,In stock (1 available)
Paradise Lost (Paradise #1),£24.96,In stock (1 available)
Jane Eyre,£38.43,In stock (1 available)
On the Road (Duluoz Legend),£32.36,In stock (1 available)
Frankenstein,£38.00,In stock (1 available)
