title,price,ASIN,size,color,brand,description,img-link
Utopia Bedding Queen Sheet Set - Jersey Knit Sheets 4 Piece – Cotton – Soft T-Shirt Stretchy Sheets ( Heather Light Grey),$34.99,B08HH4DDRP,Queen,Light Grey,Utopia Bedding,"Size & Material: 4 pieces Jersey Sheet Set that includes a fitted sheet measuring 60 by 80 inches with a 15 inches deep pocket, a flat sheet measuring 90 by 102 inches and two pillowcases measuring 20 by 30 inches. The material is Cotton Blend meaning Cotton and Polyester.
COZY AND COMFORTABLE: The Jersey Sheets are stretchy, soft, and cozy, just like your favorite T-shirt. You’ll feel extra comfortable while lying down on this jersey sheet and compelled to stay in bed for an extended amount of time.
SUITABLE FOR ALL SEASONS: Our Jersey Sheets are designed significantly for all seasons so that you can experience a pleasant sleep consistently.
ATTRACTIVE COLOR RANGE: This sheet comes in a variety of attractive and stylish color ranges to match it up with the overall and bedding and décor of your room.
EASY CARE: Machine wash in cold water; do not bleach; tumble dry or iron at normal temperature.","['https://m.media-amazon.com/images/I/51Vr6eV7iEL._AC_US75_.jpg', 'https://m.media-amazon.com/images/I/515wc3FL8tL._AC_US75_.jpg', 'https://m.media-amazon.com/images/I/519khHrYKUL._AC_US75_.jpg', 'https://m.media-amazon.com/images/I/41cIxPwX4VL._AC_US75_.jpg', 'https://m.media-amazon.com/images/I/41RwRFosXYL._AC_US75_.jpg', 'https://m.media-amazon.com/images/I/51M9B4NDpvL._AC_US75_.jpg']"
"Reafort Ultra Soft Sherpa Pillowcases Pillow Covers Standard Size 20""x26"" Pack of 2 with Zipper Closure (Charcoal Grey, 20”x26” Standard Sham)",$13.99,B09Z6DWMPH,20”x26” Standard Sham,Charcoal Grey,Reafort,"100% polyester thick sherpa material. Adding soft and warm feel to your Stand Sham.
Size: 20""x26"" standard sham with zipper closure. Easy to put on and take off.
Machine wash cold, tumble dry low. Do not bleach.
These are cover only, Do NOT contain a pillow.
US based small busines.","['https://m.media-amazon.com/images/I/415bMF9tOfL._AC_US75_.jpg', 'https://m.media-amazon.com/images/I/51G5j+p0AvL._AC_US75_.jpg', 'https://m.media-amazon.com/images/I/514w9Q6DzaL._AC_US75_.jpg', 'https://m.media-amazon.com/images/I/51Tl1-OgpoL._AC_US75_.jpg', 'https://m.media-amazon.com/images/I/51FcEWq+93L._AC_US75_.jpg']"
"Utopia Bedding Bed Linen Set - Jersey Knit Sheets 4 Pieces Set - Cotton Jersey Soft Stretchy Sheets (Queen, Navy)",$34.99,B08HH5W38D,Queen,Navy,Utopia Bedding,"Size & Material: 4 pieces Jersey Sheet Set that includes a fitted sheet measuring 60 by 80 inches with a 15 inches deep pocket, a flat sheet measuring 90 by 102 inches and two pillowcases measuring 20 by 30 inches. The material is Cotton Blend meaning Cotton and Polyester.
COZY AND COMFORTABLE: The Jersey Sheets are stretchy, soft, and cozy, just like your favorite T-shirt. You’ll feel extra comfortable while lying down on this jersey sheet and compelled to stay in bed for an extended amount of time.
SUITABLE FOR ALL SEASONS: Our Jersey Sheets are designed significantly for all seasons so that you can experience a pleasant sleep consistently.
ATTRACTIVE COLOR RANGE: This sheet comes in a variety of attractive and stylish color ranges to match it up with the overall and bedding and décor of your room.
EASY CARE: Machine wash in cold water; do not bleach; tumble dry or iron at normal temperature.","['https://m.media-amazon.com/images/I/31Wl8h4zLvL._AC_US75_.jpg', 'https://m.media-amazon.com/images/I/51lullfWEkL._AC_US75_.jpg', 'https://m.media-amazon.com/images/I/51CgFwGCmnL._AC_US75_.jpg', 'https://m.media-amazon.com/images/I/41GLRRPhJ3L._AC_US75_.jpg', 'https://m.media-amazon.com/images/I/418HKoflNPL._AC_US75_.jpg', 'https://m.media-amazon.com/images/I/51WozUCVmjL._AC_US75_.jpg']"
"Utopia Bedding Bed Linen Set - Jersey Knit Sheets 4 Pieces Set - Cotton Jersey Soft Stretchy Sheets (Queen, White)",$34.99,B08HH66CX3,Queen,White,Utopia Bedding,"Size & Material: 4 pieces Jersey Sheet Set that includes a fitted sheet measuring 60 by 80 inches with a 15 inches deep pocket, a flat sheet measuring 90 by 102 inches and two pillowcases measuring 20 by 30 inches. The material is Cotton Blend meaning Cotton and Polyester.
COZY AND COMFORTABLE: The Jersey Sheets are stretchy, soft, and cozy, just like your favorite T-shirt. You’ll feel extra comfortable while lying down on this jersey sheet and compelled to stay in bed for an extended amount of time.
SUITABLE FOR ALL SEASONS: Our Jersey Sheets are designed significantly for all seasons so that you can experience a pleasant sleep consistently.
ATTRACTIVE COLOR RANGE: This sheet comes in a variety of attractive and stylish color ranges to match it up with the overall and bedding and décor of your room.
EASY CARE: Machine wash in cold water; do not bleach; tumble dry or iron at normal temperature.","['https://m.media-amazon.com/images/I/3106md8m-bL._AC_US75_.jpg', 'https://m.media-amazon.com/images/I/51rkKb4BjML._AC_US75_.jpg', 'https://m.media-amazon.com/images/I/51yqXWumyfL._AC_US75_.jpg', 'https://m.media-amazon.com/images/I/41Od8z8uTxL._AC_US75_.jpg', 'https://m.media-amazon.com/images/I/41d-qDS9fGL._AC_US75_.jpg', 'https://m.media-amazon.com/images/I/41crEqXp+JL._AC_US75_.jpg']"
Utopia Bedding Queen Sheet Set - Jersey Knit Sheets 4 Piece – Cotton – Soft T-Shirt Stretchy Sheets ( Heather Light Grey),$34.99,B08HH4DDRP,Queen,Light Grey,Utopia Bedding,"Size & Material: 4 pieces Jersey Sheet Set that includes a fitted sheet measuring 60 by 80 inches with a 15 inches deep pocket, a flat sheet measuring 90 by 102 inches and two pillowcases measuring 20 by 30 inches. The material is Cotton Blend meaning Cotton and Polyester.
COZY AND COMFORTABLE: The Jersey Sheets are stretchy, soft, and cozy, just like your favorite T-shirt. You’ll feel extra comfortable while lying down on this jersey sheet and compelled to stay in bed for an extended amount of time.
SUITABLE FOR ALL SEASONS: Our Jersey Sheets are designed significantly for all seasons so that you can experience a pleasant sleep consistently.
ATTRACTIVE COLOR RANGE: This sheet comes in a variety of attractive and stylish color ranges to match it up with the overall and bedding and décor of your room.
EASY CARE: Machine wash in cold water; do not bleach; tumble dry or iron at normal temperature.","['https://m.media-amazon.com/images/I/51Vr6eV7iEL._AC_US75_.jpg', 'https://m.media-amazon.com/images/I/515wc3FL8tL._AC_US75_.jpg', 'https://m.media-amazon.com/images/I/519khHrYKUL._AC_US75_.jpg', 'https://m.media-amazon.com/images/I/41cIxPwX4VL._AC_US75_.jpg', 'https://m.media-amazon.com/images/I/41RwRFosXYL._AC_US75_.jpg', 'https://m.media-amazon.com/images/I/51M9B4NDpvL._AC_US75_.jpg']"
"Utopia Bedding Bed Linen Set - Jersey Knit Sheets 4 Pieces Queen Jersey Sheet Set - Cotton Jersey Sheets - Soft T-Shirt Stretchy Sheets (Queen, Oatmeal)",$37.99,Pakistan,Queen,Oatmeal,Utopia Bedding,"Size & Material: 4 pieces Jersey Sheet Set that includes a fitted sheet measuring 60 by 80 inches with a 15 inches deep pocket, a flat sheet measuring 90 by 102 inches and two pillowcases measuring 20 by 30 inches. The material is Cotton Blend meaning Cotton and Polyester.
COZY AND COMFORTABLE: The Jersey Sheets are stretchy, soft, and cozy, just like your favorite T-shirt. You’ll feel extra comfortable while lying down on this jersey sheet and compelled to stay in bed for an extended amount of time.
SUITABLE FOR ALL SEASONS: Our Jersey Sheets are designed significantly for all seasons so that you can experience a pleasant sleep consistently.
ATTRACTIVE COLOR RANGE: This sheet comes in a variety of attractive and stylish color ranges to match it up with the overall and bedding and décor of your room.
EASY CARE: Machine wash in cold water; do not bleach; tumble dry or iron at normal temperature.","['https://m.media-amazon.com/images/I/51bb+hVKcGL._AC_US75_.jpg', 'https://m.media-amazon.com/images/I/51yLbVDfCXL._AC_US75_.jpg', 'https://m.media-amazon.com/images/I/51Ic4pI9NVL._AC_US75_.jpg', 'https://m.media-amazon.com/images/I/41ED55Tzi9L._AC_US75_.jpg', 'https://m.media-amazon.com/images/I/41adAEkHmXL._AC_US75_.jpg', 'https://m.media-amazon.com/images/I/51uwTKFs7pL._AC_US75_.jpg']"
