title,url,date
Rithm Grads Win First Place in StepZen Hackathon,/blog/grads-win-stepzen-hackathon,2022-09-06 18:17:36 UTC
Choosing the Right Bootcamp,/blog/choosing-a-bootcamp,2022-06-23 21:16:57 UTC
Interview: Rithm Grads at Google,/blog/grads-at-google,2022-05-27 14:33:30 UTC
Three Rithm Students Accepted to the 2022 Pinterest Engineering Internship,/blog/pinterest-internship,2022-05-13 15:59:12 UTC
The Top 5 Questions People Ask About Rithm School,/blog/top-5-admissions-questions,2022-03-21 14:02:41 UTC
Announcing Rithm's 2022 Scholarship Fund,/blog/2022-scholarship,2021-12-08 14:55:46 UTC
October 2021 Women's Scholarship Fund,/blog/october-2021-womens-scholarship-fund,2021-08-18 20:38:59 UTC
R19: 100% Outcomes Within 4 Months Of Graduating,/blog/r19-100-outcomes-within-4-months-of-graduating,2021-07-13 21:21:05 UTC
Student Interview: R20 On Remote Company Projects ,/blog/student-interview-clever-counsel-company-projects,2021-05-25 23:55:52 UTC
Good Ideas for Better Variable Names,/blog/good-ideas-for-better-variable-names,2021-05-04 21:10:26 UTC
TypeScript: How To Get Started,/blog/typescript-how-to-get-started,2021-04-21 17:07:39 UTC
3 Patterns for Refactoring Your Code,/blog/three-simple-patterns-for-refactoring-your-code,2021-04-12 16:28:16 UTC
From A Rithm Instructor: Technical Job Search Blockers,/blog/rithm-instructor-technical-job-search-blockers,2021-03-12 00:07:16 UTC
Coming Up in Python: `match`,/blog/coming-up-in-python-match,2021-03-03 22:38:07 UTC
2021 Rithm School Scholarships,/blog/2021-rithm-school-scholarships,2021-02-24 01:04:55 UTC
6 Tips To Push Through The Discomfort Of The Job Search,/blog/push-through-discomfort-of-the-job-search,2021-02-17 00:17:32 UTC
Our Updated Interview Process,/blog/our-updated-interview-process,2021-01-25 20:19:48 UTC
Using The JavaScript Ternary Operator Effectively,/blog/using-the-javascript-ternary-operator,2020-11-09 00:00:00 UTC
Seven Tips For Dealing With Imposter Syndrome,/blog/dealing-with-coding-bootcamp-imposter-syndrome,2020-10-20 00:00:00 UTC
Alumni Spotlight: Genna Mergola,/blog/alumni-spotlight-genna-mergola,2020-10-13 00:00:00 UTC
