TRADING CODE,TRADING CODE url,LTP*,HIGH,LOW,CLOSEP*,YCP*,CHANGE,TRADE,VALUE (mn),VOLUME
https://www.dsebd.org/displayCompany.php?name=RECKITTBEN,RECKITTBEN,"4,760.7","4,760.7","4,760.7","4,760.7","4,760.7",0,8,0.186,39
https://www.dsebd.org/displayCompany.php?name=UNILEVERCL,UNILEVERCL,"2,987.6","3,098","2,975","2,987.6","3,091",-103.4,736,21.187,"7,070"
https://www.dsebd.org/displayCompany.php?name=MARICO,MARICO,"2,421.5","2,421.5","2,421.5","2,421.5","2,421.5",0,15,1.121,463
https://www.dsebd.org/displayCompany.php?name=BERGERPBL,BERGERPBL,"1,723.6","1,732.5","1,718","1,723.6","1,732.7",-9.1,43,1.742,"1,011"
https://www.dsebd.org/displayCompany.php?name=EASTRNLUB,EASTRNLUB,"1,531.3","1,531.3","1,531.3","1,531.3","1,531.3",0,31,0.423,276
https://www.dsebd.org/displayCompany.php?name=LINDEBD,LINDEBD,"1,397.7","1,397.7","1,397.7","1,397.7","1,397.7",0,12,0.827,592
https://www.dsebd.org/displayCompany.php?name=RENATA,RENATA,"1,217.9","1,217.9","1,217.9","1,217.9","1,217.9",0,17,0.11,90
https://www.dsebd.org/displayCompany.php?name=WALTONHIL,WALTONHIL,"1,047.7","1,047.7","1,047.7","1,047.7","1,047.7",0,1,0.005,5
https://www.dsebd.org/displayCompany.php?name=BATASHOE,BATASHOE,959.9,959.9,955,955.9,951.3,8.6,8,0.117,122
https://www.dsebd.org/displayCompany.php?name=MONNOAGML,MONNOAGML,931.2,942,875.1,931.2,884.6,46.6,"1,069",25.016,"27,552"
https://www.dsebd.org/displayCompany.php?name=PHARMAID,PHARMAID,790.7,790.7,790.7,790.7,790.7,0,1,0.002,2
https://www.dsebd.org/displayCompany.php?name=RENWICKJA,RENWICKJA,750.1,750.2,750.1,750.1,750.4,-0.3,42,1.1,"1,467"
https://www.dsebd.org/displayCompany.php?name=LIBRAINFU,LIBRAINFU,668.6,699,668.6,668.8,668.6,0,11,0.088,132
https://www.dsebd.org/displayCompany.php?name=SONALIPAPR,SONALIPAPR,662.2,669.9,625.1,662.2,631.1,31.1,"1,096",79.903,"121,067"
https://www.dsebd.org/displayCompany.php?name=NTC,NTC,598.3,600,598.3,598.5,599,-0.7,40,0.768,"1,282"
https://www.dsebd.org/displayCompany.php?name=BATBC,BATBC,518.7,518.7,518.7,518.7,518.7,0,30,0.249,481
https://www.dsebd.org/displayCompany.php?name=AMBEEPHA,AMBEEPHA,481.8,485.9,480.2,481.8,480.9,0.9,8,0.034,71
https://www.dsebd.org/displayCompany.php?name=GEMINISEA,GEMINISEA,450,454.5,443,450,443.3,6.7,"2,121",45.908,"102,210"
https://www.dsebd.org/displayCompany.php?name=KOHINOOR,KOHINOOR,406.3,409.9,405,406.3,406.9,-0.6,195,3.305,"8,129"
https://www.dsebd.org/displayCompany.php?name=SONALIANSH,SONALIANSH,402,405,399.2,402,399.2,2.8,571,10.222,"25,479"
https://www.dsebd.org/displayCompany.php?name=SEAPEARL,SEAPEARL,308.2,310.2,285,308.2,295.5,12.7,"4,227",295.8,"986,829"
https://www.dsebd.org/displayCompany.php?name=APEXFOOT,APEXFOOT,291.9,299.5,288,291.9,294.3,-2.4,"1,514",38.72,"131,935"
https://www.dsebd.org/displayCompany.php?name=ORIONINFU,ORIONINFU,291.1,297.7,288,291.1,291.2,-0.1,"1,977",46.374,"158,361"
https://www.dsebd.org/displayCompany.php?name=IBNSINA,IBNSINA,286.6,286.6,286.6,286.6,286.6,0,17,0.806,"2,813"
https://www.dsebd.org/displayCompany.php?name=GP,GP,286.6,286.6,286.6,286.6,286.6,0,14,0.155,542
https://www.dsebd.org/displayCompany.php?name=BEACONPHAR,BEACONPHAR,278.7,280.8,270.1,278.7,272.5,6.2,473,29.477,"106,222"
https://www.dsebd.org/displayCompany.php?name=ACI,ACI,260.2,260.2,260.2,260.2,260.2,0,9,0.881,"3,385"
https://www.dsebd.org/displayCompany.php?name=ARAMIT,ARAMIT,258.9,258.9,258.9,258.9,258.9,0,51,1.262,"4,876"
https://www.dsebd.org/displayCompany.php?name=JMISMDL,JMISMDL,255.5,255.5,255.5,255.5,255.5,0,3,0.017,67
https://www.dsebd.org/displayCompany.php?name=BDLAMPS,BDLAMPS,252.2,252.2,252.2,252.2,252.2,0,14,0.362,"1,434"
https://www.dsebd.org/displayCompany.php?name=AMCL(PRAN),AMCL(PRAN),252,252,252,252,252,0,13,0.118,470
https://www.dsebd.org/displayCompany.php?name=MONOSPOOL,MONOSPOOL,250.6,253.5,248.4,250.6,248.4,2.2,587,10.434,"41,589"
https://www.dsebd.org/displayCompany.php?name=JUTESPINN,JUTESPINN,245,245,236.5,239.8,246.1,-1.1,43,0.582,"2,431"
https://www.dsebd.org/displayCompany.php?name=RAHIMAFOOD,RAHIMAFOOD,237.7,237.7,237.7,237.7,237.7,0,1,0.005,20
https://www.dsebd.org/displayCompany.php?name=APEXFOODS,APEXFOODS,235.4,243.3,233,235.4,238.6,-3.2,426,8.803,"37,221"
https://www.dsebd.org/displayCompany.php?name=UPGDCL,UPGDCL,233.7,233.7,233.7,233.7,233.7,0,4,0.003,11
https://www.dsebd.org/displayCompany.php?name=KAY&QUE,KAY&QUE,223.4,223.4,223.4,223.4,223.4,0,3,0.018,81
https://www.dsebd.org/displayCompany.php?name=BSCCL,BSCCL,218.9,218.9,218.9,218.9,218.9,0,4,0.146,665
https://www.dsebd.org/displayCompany.php?name=ANWARGALV,ANWARGALV,213.3,213.3,213.3,213.3,213.3,0,12,0.138,646
https://www.dsebd.org/displayCompany.php?name=SQURPHARMA,SQURPHARMA,209.8,209.8,209.8,209.8,209.8,0,43,0.433,"2,062"
https://www.dsebd.org/displayCompany.php?name=PADMAOIL,PADMAOIL,209.2,209.2,209.2,209.2,209.2,0,7,0.329,"1,572"
https://www.dsebd.org/displayCompany.php?name=MPETROLEUM,MPETROLEUM,200.7,202.3,199,200.7,198.8,1.9,84,5.214,"26,115"
https://www.dsebd.org/displayCompany.php?name=AL-HAJTEX,AL-HAJTEX,194.3,196,185,194.3,189.8,4.5,"1,787",96.242,"504,015"
https://www.dsebd.org/displayCompany.php?name=NORTHERN,NORTHERN,194.1,199.8,194.1,194.1,194.1,0,17,0.186,960
https://www.dsebd.org/displayCompany.php?name=ECABLES,ECABLES,181.3,181.3,181.3,181.3,181.3,0,8,0.012,67
https://www.dsebd.org/displayCompany.php?name=JAMUNAOIL,JAMUNAOIL,178.8,180.4,176.9,178.8,176.5,2.3,148,5.802,"32,420"
https://www.dsebd.org/displayCompany.php?name=PAPERPROC,PAPERPROC,165,165,165,165,165,0,40,1.71,"10,364"
https://www.dsebd.org/displayCompany.php?name=ADNTEL,ADNTEL,161.9,164.6,156.7,161.9,158.1,3.8,"2,576",141.003,"873,154"
https://www.dsebd.org/displayCompany.php?name=OLYMPIC,OLYMPIC,158.2,161.9,156.3,158.2,160.5,-2.3,"3,007",201.846,"1,265,819"
https://www.dsebd.org/displayCompany.php?name=ACIFORMULA,ACIFORMULA,155,155,155,155,155,0,7,0.172,"1,112"
https://www.dsebd.org/displayCompany.php?name=RANFOUNDRY,RANFOUNDRY,153.9,154,153.9,153.9,153.9,0,34,0.644,"4,187"
https://www.dsebd.org/displayCompany.php?name=SINGERBD,SINGERBD,151.9,151.9,151.9,151.9,151.9,0,10,0.08,524
https://www.dsebd.org/displayCompany.php?name=BXPHARMA,BXPHARMA,146.2,146.2,146.2,146.2,146.2,0,10,0.51,"3,488"
https://www.dsebd.org/displayCompany.php?name=DELTALIFE,DELTALIFE,140.7,146.3,140,140.7,146.2,-5.5,"1,035",37.802,"265,195"
https://www.dsebd.org/displayCompany.php?name=RAHIMTEXT,RAHIMTEXT,139.8,139.8,139.8,139.8,139.8,0,3,0.055,390
https://www.dsebd.org/displayCompany.php?name=ZEALBANGLA,ZEALBANGLA,134.1,142.9,132,135.5,139.1,-5,53,0.42,"3,079"
https://www.dsebd.org/displayCompany.php?name=BSC,BSC,127.5,128.9,125.4,127.5,125.1,2.4,"1,793",155.98,"1,226,212"
https://www.dsebd.org/displayCompany.php?name=BDAUTOCA,BDAUTOCA,117.3,117.3,117.3,117.3,117.3,0,21,0.161,"1,371"
https://www.dsebd.org/displayCompany.php?name=APEXSPINN,APEXSPINN,116,116,116,116,116,0,2,0.012,101
https://www.dsebd.org/displayCompany.php?name=HRTEX,HRTEX,115.9,115.9,115.9,115.9,115.9,0,126,28.492,"245,829"
https://www.dsebd.org/displayCompany.php?name=BEXIMCO,BEXIMCO,115.6,115.6,115.6,115.6,115.6,0,4,0.028,238
https://www.dsebd.org/displayCompany.php?name=DSHGARME,DSHGARME,111.4,111.4,111.4,111.4,111.4,0,5,0.038,338
https://www.dsebd.org/displayCompany.php?name=PRAGATILIF,PRAGATILIF,109.8,115,108.3,109.8,112.4,-2.6,550,13.812,"125,122"
https://www.dsebd.org/displayCompany.php?name=BANGAS,BANGAS,108.9,109,108.9,108.9,109.1,-0.2,43,0.397,"3,642"
https://www.dsebd.org/displayCompany.php?name=STANCERAM,STANCERAM,108.7,108.7,108.7,108.7,108.7,0,7,0.036,332
https://www.dsebd.org/displayCompany.php?name=RUPALILIFE,RUPALILIFE,106.1,110.4,102.3,106.1,110.4,-4.3,"5,032",309.184,"2,923,050"
https://www.dsebd.org/displayCompany.php?name=MONNOCERA,MONNOCERA,102.5,103.4,101,102.5,101.1,1.4,954,31.227,"304,677"
https://www.dsebd.org/displayCompany.php?name=APEXTANRY,APEXTANRY,99.3,99.9,99.3,99.4,99.4,-0.1,12,0.202,"2,036"
https://www.dsebd.org/displayCompany.php?name=EHL,EHL,97.3,98,93.6,97.3,93.4,3.9,"2,088",89.744,"929,612"
https://www.dsebd.org/displayCompany.php?name=GENEXIL,GENEXIL,94.5,95.4,92.8,94.5,93.4,1.1,"2,794",131.687,"1,396,919"
https://www.dsebd.org/displayCompany.php?name=BSRMLTD,BSRMLTD,90,90,90,90,90,0,5,0.012,136
https://www.dsebd.org/displayCompany.php?name=CONFIDCEM,CONFIDCEM,89,89,89,89,89,0,1,0,1
https://www.dsebd.org/displayCompany.php?name=SHYAMPSUG,SHYAMPSUG,87.8,93.4,84,87.8,90.2,-2.4,447,4.847,"54,655"
https://www.dsebd.org/displayCompany.php?name=ICB,ICB,87.6,87.6,87.6,87.6,87.6,0,1,0.019,220
https://www.dsebd.org/displayCompany.php?name=MJLBD,MJLBD,86.7,86.7,86.7,86.7,86.7,0,1,0,1
https://www.dsebd.org/displayCompany.php?name=IMAMBUTTON,IMAMBUTTON,86.2,89.7,85.5,86.2,88.7,-2.5,641,6.927,"78,834"
https://www.dsebd.org/displayCompany.php?name=MEGHNALIFE,MEGHNALIFE,85.3,90,83.6,85.3,90.6,-5.3,"2,796",117.363,"1,355,232"
https://www.dsebd.org/displayCompany.php?name=ACMELAB,ACMELAB,85,85,85,85,85,0,12,0.07,821
https://www.dsebd.org/displayCompany.php?name=AZIZPIPES,AZIZPIPES,82.7,82.7,82.7,82.7,82.7,0,41,0.759,"9,173"
https://www.dsebd.org/displayCompany.php?name=STYLECRAFT,STYLECRAFT,80.8,80.8,80.8,80.8,81,-0.2,50,0.698,"8,636"
https://www.dsebd.org/displayCompany.php?name=ORIONPHARM,ORIONPHARM,80.4,81.8,80,80.4,80.6,-0.2,"1,953",77.043,"954,186"
https://www.dsebd.org/displayCompany.php?name=NTLTUBES,NTLTUBES,79.5,79.5,79.5,79.5,79.5,0,1,0,1
https://www.dsebd.org/displayCompany.php?name=MATINSPINN,MATINSPINN,77.6,77.6,77.6,77.6,77.6,0,1,0,1
https://www.dsebd.org/displayCompany.php?name=GQBALLPEN,GQBALLPEN,77.5,77.8,77.5,77.5,77.5,0,72,0.661,"8,530"
https://www.dsebd.org/displayCompany.php?name=PROGRESLIF,PROGRESLIF,77.4,79.4,77.3,77.4,77.4,0,104,3.11,"40,167"
https://www.dsebd.org/displayCompany.php?name=BPML,BPML,77.2,78.3,76.4,77.2,76.3,0.9,"1,701",45.91,"593,444"
https://www.dsebd.org/displayCompany.php?name=PTL,PTL,77,77,77,77,77,0,3,0.005,64
https://www.dsebd.org/displayCompany.php?name=JHRML,JHRML,76.5,77.1,74.1,76.5,74.1,2.4,"1,267",24.793,"325,048"
https://www.dsebd.org/displayCompany.php?name=FORTUNE,FORTUNE,75.7,75.7,75.7,75.7,75.7,0,3,0.001,12
https://www.dsebd.org/displayCompany.php?name=FAREASTLIF,FAREASTLIF,75.2,76.1,75,75.2,75.7,-0.5,564,29.589,"393,077"
https://www.dsebd.org/displayCompany.php?name=PIONEERINS,PIONEERINS,71.7,72.5,71.5,71.7,71.6,0.1,186,4.314,"60,245"
https://www.dsebd.org/displayCompany.php?name=POPULARLIF,POPULARLIF,70.9,72.7,70,70.9,72.1,-1.2,421,13.482,"190,175"
https://www.dsebd.org/displayCompany.php?name=SQUARETEXT,SQUARETEXT,67.5,67.5,67.5,67.5,67.5,0,2,0.002,35
https://www.dsebd.org/displayCompany.php?name=NAVANAPHAR,NAVANAPHAR,67.4,68.5,67,67.4,67.4,0,807,17.373,"256,790"
https://www.dsebd.org/displayCompany.php?name=SONALILIFE,SONALILIFE,66.6,68.5,66.2,66.6,68.9,-2.3,618,23.52,"349,301"
https://www.dsebd.org/displayCompany.php?name=FINEFOODS,FINEFOODS,66.1,67.1,61.5,66.1,65.4,0.7,574,12.871,"194,524"
https://www.dsebd.org/displayCompany.php?name=DHAKAINS,DHAKAINS,65.7,68.5,64.4,65.7,66.8,-1.1,578,15.182,"231,345"
https://www.dsebd.org/displayCompany.php?name=SAMORITA,SAMORITA,65.6,65.7,65.1,65.6,65.3,0.3,42,0.304,"4,654"
https://www.dsebd.org/displayCompany.php?name=UNIQUEHRL,UNIQUEHRL,65.5,66.8,65.2,65.5,66.3,-0.8,840,37.181,"563,878"
https://www.dsebd.org/displayCompany.php?name=SPCL,SPCL,65.5,65.5,65.5,65.5,65.5,0,8,0.137,"2,090"
https://www.dsebd.org/displayCompany.php?name=GREENDELT,GREENDELT,65.4,65.7,65.1,65.2,65.4,0,74,1.774,"27,187"
https://www.dsebd.org/displayCompany.php?name=LHBL,LHBL,64.8,64.8,64.8,64.8,64.8,0,21,0.257,"3,968"
https://www.dsebd.org/displayCompany.php?name=BSRMSTEEL,BSRMSTEEL,63.9,63.9,63.9,63.9,63.9,0,3,0.007,111
https://www.dsebd.org/displayCompany.php?name=AAMRANET,AAMRANET,63.8,64.3,62.9,63.8,63.2,0.6,"2,022",114.592,"1,800,818"
https://www.dsebd.org/displayCompany.php?name=PRAGATIINS,PRAGATIINS,62.6,63,62.4,62.6,62.4,0.2,43,0.673,"10,753"
https://www.dsebd.org/displayCompany.php?name=DUTCHBANGL,DUTCHBANGL,62.6,62.6,62.6,62.6,62.6,0,12,0.075,"1,200"
https://www.dsebd.org/displayCompany.php?name=CLICL,CLICL,61.2,62.9,60.5,61.2,63.5,-2.3,625,13.337,"216,739"
https://www.dsebd.org/displayCompany.php?name=DOREENPWR,DOREENPWR,61,61,61,61,61,0,2,0.002,26
https://www.dsebd.org/displayCompany.php?name=PROVATIINS,PROVATIINS,58.9,58.9,58.9,58.9,58.9,0,4,0.005,87
https://www.dsebd.org/displayCompany.php?name=MEGHNACEM,MEGHNACEM,58.4,58.9,57.3,57.4,57.5,0.9,24,0.173,"3,007"
https://www.dsebd.org/displayCompany.php?name=DBH,DBH,57.8,57.8,57.8,57.8,57.8,0,3,0.03,511
https://www.dsebd.org/displayCompany.php?name=IPDC,IPDC,57.6,57.6,57.6,57.6,57.6,0,2,0.037,636
https://www.dsebd.org/displayCompany.php?name=BNICL,BNICL,56.8,57.4,56.7,56.8,56.7,0.1,243,7.303,"128,663"
https://www.dsebd.org/displayCompany.php?name=RELIANCINS,RELIANCINS,55.8,55.8,55.4,55.4,55.6,0.2,47,3.895,"70,241"
https://www.dsebd.org/displayCompany.php?name=PRIMELIFE,PRIMELIFE,54.7,55.1,53.3,53.6,55.2,-0.5,95,0.941,"17,399"
https://www.dsebd.org/displayCompany.php?name=BGIC,BGIC,53.8,56.9,49.6,54.2,53.5,0.3,137,1.578,"28,465"
https://www.dsebd.org/displayCompany.php?name=SAMATALETH,SAMATALETH,53.5,54.7,53.5,53.9,53.5,0,18,0.184,"3,421"
https://www.dsebd.org/displayCompany.php?name=SUNLIFEINS,SUNLIFEINS,52.9,52.9,52.9,52.9,52.9,0,46,3.063,"57,897"
https://www.dsebd.org/displayCompany.php?name=SINOBANGLA,SINOBANGLA,52.4,52.4,52.4,52.4,52.4,0,10,0.218,"4,152"
https://www.dsebd.org/displayCompany.php?name=POWERGRID,POWERGRID,52.4,52.4,52.4,52.4,52.4,0,2,0.001,14
https://www.dsebd.org/displayCompany.php?name=USMANIAGL,USMANIAGL,52.3,53,51.1,52,52.7,-0.4,55,0.223,"4,259"
https://www.dsebd.org/displayCompany.php?name=NPOLYMER,NPOLYMER,51,51,51,51,51,0,1,0,9
https://www.dsebd.org/displayCompany.php?name=MIRAKHTER,MIRAKHTER,50.8,50.8,50.8,50.8,50.8,0,2,0.001,19
https://www.dsebd.org/displayCompany.php?name=BBSCABLES,BBSCABLES,49.9,49.9,49.9,49.9,49.9,0,3,0.006,122
https://www.dsebd.org/displayCompany.php?name=HAKKANIPUL,HAKKANIPUL,49.2,49.5,48.3,49.2,48.4,0.8,116,1.583,"32,139"
https://www.dsebd.org/displayCompany.php?name=ASIAINS,ASIAINS,48.9,48.9,48.9,48.9,48.9,0,17,0.631,"12,895"
https://www.dsebd.org/displayCompany.php?name=SKICL,SKICL,48.5,49.9,48.1,48.5,48.4,0.1,570,9.236,"189,752"
https://www.dsebd.org/displayCompany.php?name=EASTERNINS,EASTERNINS,47,47.1,47,47,47,0,62,0.952,"20,261"
https://www.dsebd.org/displayCompany.php?name=HWAWELLTEX,HWAWELLTEX,46.5,47.5,46.1,46.5,46.5,0,34,0.439,"9,441"
https://www.dsebd.org/displayCompany.php?name=IDLC,IDLC,46.5,46.5,46.5,46.5,46.5,0,4,0.1,"2,151"
https://www.dsebd.org/displayCompany.php?name=EGEN,EGEN,45.2,45.2,45.2,45.2,45.2,0,45,10.363,"229,259"
https://www.dsebd.org/displayCompany.php?name=NEWLINE,NEWLINE,45.1,45.1,45.1,45.1,45.1,0,1,0.001,32
https://www.dsebd.org/displayCompany.php?name=GPHISPAT,GPHISPAT,44.8,44.8,44.8,44.8,44.8,0,7,0.014,316
https://www.dsebd.org/displayCompany.php?name=SONARBAINS,SONARBAINS,44.8,46.2,44.8,44.8,44.8,0,40,0.437,"9,736"
https://www.dsebd.org/displayCompany.php?name=SPCERAMICS,SPCERAMICS,44.5,45,43.6,44.5,43.3,1.2,"1,348",107.569,"2,421,712"
https://www.dsebd.org/displayCompany.php?name=ISNLTD,ISNLTD,44.5,45.5,44.1,44.5,44.6,-0.1,126,1.415,"31,692"
https://www.dsebd.org/displayCompany.php?name=PREMIERCEM,PREMIERCEM,44.5,44.5,44.5,44.5,44.5,0,1,0,10
https://www.dsebd.org/displayCompany.php?name=BDFINANCE,BDFINANCE,44.1,44.1,44.1,44.1,44.1,0,2,0.005,120
https://www.dsebd.org/displayCompany.php?name=IFADAUTOS,IFADAUTOS,44.1,44.1,44.1,44.1,44.1,0,1,0,1
https://www.dsebd.org/displayCompany.php?name=ASIAPACINS,ASIAPACINS,43.8,44.9,43.6,43.6,44.2,-0.4,53,1.448,"33,075"
https://www.dsebd.org/displayCompany.php?name=LEGACYFOOT,LEGACYFOOT,43.5,45.5,43.1,43.5,44.1,-0.6,155,1.73,"39,446"
https://www.dsebd.org/displayCompany.php?name=STANDARINS,STANDARINS,43.3,43.3,43.3,43.3,43.3,0,1,0.022,500
https://www.dsebd.org/displayCompany.php?name=RAKCERAMIC,RAKCERAMIC,42.9,42.9,42.9,42.9,42.9,0,1,0.002,49
https://www.dsebd.org/displayCompany.php?name=BDCOM,BDCOM,42.3,43.9,41.9,42.3,42.9,-0.6,"1,965",85.194,"1,994,206"
https://www.dsebd.org/displayCompany.php?name=PADMALIFE,PADMALIFE,42.2,43.5,42,42.2,43.4,-1.2,351,6.711,"157,296"
https://www.dsebd.org/displayCompany.php?name=TAKAFULINS,TAKAFULINS,42.1,42.5,42.1,42.1,42.1,0,91,1.626,"38,617"
https://www.dsebd.org/displayCompany.php?name=UNIONINS,UNIONINS,41.9,42.8,41.4,41.9,42.3,-0.4,814,21.992,"523,220"
https://www.dsebd.org/displayCompany.php?name=NHFIL,NHFIL,41.8,41.8,41.8,41.8,41.8,0,22,0.187,"4,471"
https://www.dsebd.org/displayCompany.php?name=TITASGAS,TITASGAS,40.9,40.9,40.9,40.9,40.9,0,2,0.014,347
https://www.dsebd.org/displayCompany.php?name=RDFOOD,RDFOOD,40.9,41.9,40.5,40.9,41.1,-0.2,"1,218",68.024,"1,654,477"
https://www.dsebd.org/displayCompany.php?name=ISLAMIINS,ISLAMIINS,39.2,39.5,39.2,39.2,39.4,-0.2,71,1.584,"40,404"
https://www.dsebd.org/displayCompany.php?name=BENGALWTL,BENGALWTL,39.1,40.9,38.9,39.1,40.9,-1.8,"1,738",85.545,"2,147,562"
https://www.dsebd.org/displayCompany.php?name=BRACBANK,BRACBANK,38.5,38.5,38.5,38.5,38.5,0,5,0.007,173
https://www.dsebd.org/displayCompany.php?name=PARAMOUNT,PARAMOUNT,38.4,39.5,38.4,38.4,38.4,0,32,0.424,"10,998"
https://www.dsebd.org/displayCompany.php?name=CENTRALINS,CENTRALINS,38.1,38.4,35.8,38.1,38.6,-0.5,78,2.189,"58,901"
https://www.dsebd.org/displayCompany.php?name=LOVELLO,LOVELLO,37.9,37.9,37.9,37.9,37.9,0,5,0.194,"5,131"
https://www.dsebd.org/displayCompany.php?name=UNITEDINS,UNITEDINS,37.9,37.9,37.9,37.9,37.9,0,2,0.021,550
https://www.dsebd.org/displayCompany.php?name=CRYSTALINS,CRYSTALINS,36.7,37.8,36.4,36.7,37.1,-0.4,181,9.126,"248,403"
https://www.dsebd.org/displayCompany.php?name=NORTHRNINS,NORTHRNINS,36.6,37,36.6,36.7,36.6,0,27,0.798,"21,751"
https://www.dsebd.org/displayCompany.php?name=AOL,AOL,36.5,36.5,36.5,36.5,36.5,0,3,0.006,170
https://www.dsebd.org/displayCompany.php?name=BEACHHATCH,BEACHHATCH,36.5,36.5,36.5,36.5,36.5,0,13,1.33,"36,431"
https://www.dsebd.org/displayCompany.php?name=NITOLINS,NITOLINS,35.9,36.8,35.3,35.9,36.4,-0.5,50,1.647,"46,184"
https://www.dsebd.org/displayCompany.php?name=ITC,ITC,35.5,36,35.1,35.5,35.7,-0.2,616,25.467,"714,950"
https://www.dsebd.org/displayCompany.php?name=AAMRATECH,AAMRATECH,35.2,35.7,35,35.2,35,0.2,416,10.026,"283,725"
https://www.dsebd.org/displayCompany.php?name=GHCL,GHCL,35.1,35.1,35.1,35.1,35.1,0,1,0.035,"1,000"
https://www.dsebd.org/displayCompany.php?name=LRBDL,LRBDL,35.1,35.1,35.1,35.1,35.1,0,19,0.196,"5,577"
https://www.dsebd.org/displayCompany.php?name=TRUSTBANK,TRUSTBANK,34.9,34.9,34.9,34.9,34.9,0,1,0.002,60
https://www.dsebd.org/displayCompany.php?name=BDTHAIFOOD,BDTHAIFOOD,34.8,34.8,34.8,34.8,34.8,0,18,0.053,"1,526"
https://www.dsebd.org/displayCompany.php?name=CITYGENINS,CITYGENINS,34.7,35,33.3,34.7,33.2,1.5,837,51.895,"1,508,509"
https://www.dsebd.org/displayCompany.php?name=AGRANINS,AGRANINS,34.7,35.1,34.3,34.7,34.4,0.3,19,0.261,"7,537"
https://www.dsebd.org/displayCompany.php?name=EPGL,EPGL,34.5,34.5,34.5,34.5,34.5,0,3,0,11
https://www.dsebd.org/displayCompany.php?name=SUMITPOWER,SUMITPOWER,34,34,34,34,34,0,3,0.077,"2,253"
https://www.dsebd.org/displayCompany.php?name=METROSPIN,METROSPIN,33.7,34.3,30.1,33.7,33.4,0.3,"1,225",48.818,"1,535,162"
https://www.dsebd.org/displayCompany.php?name=PHENIXINS,PHENIXINS,33.6,34.2,33.6,33.6,33.6,0,45,4.956,"147,500"
https://www.dsebd.org/displayCompany.php?name=ISLAMIBANK,ISLAMIBANK,33.5,33.6,33.3,33.4,33.4,0.1,132,2.825,"84,474"
https://www.dsebd.org/displayCompany.php?name=ANLIMAYARN,ANLIMAYARN,33,33.3,31.7,32.7,31.6,1.4,128,1.048,"32,266"
https://www.dsebd.org/displayCompany.php?name=MEGHNAPET,MEGHNAPET,32.1,34.5,30.3,32.1,33.5,-1.4,380,4.912,"154,877"
https://www.dsebd.org/displayCompany.php?name=REPUBLIC,REPUBLIC,32,32,31.5,31.8,31.3,0.7,22,0.477,"15,035"
https://www.dsebd.org/displayCompany.php?name=PEOPLESINS,PEOPLESINS,31.9,31.9,31.9,31.9,31.9,0,6,0.132,"4,130"
https://www.dsebd.org/displayCompany.php?name=EBL,EBL,31.8,31.8,31.8,31.8,31.8,0,15,8.108,"254,968"
https://www.dsebd.org/displayCompany.php?name=INTRACO,INTRACO,31.5,31.8,31,31.5,31,0.5,884,27.955,"890,904"
https://www.dsebd.org/displayCompany.php?name=EMERALDOIL,EMERALDOIL,31.1,32.1,30.9,31.1,31.6,-0.5,150,2.371,"76,129"
https://www.dsebd.org/displayCompany.php?name=ROBI,ROBI,30,30,30,30,30,0,3,0.061,"2,017"
https://www.dsebd.org/displayCompany.php?name=GLOBALINS,GLOBALINS,29.9,30,29.5,29.8,29.5,0.4,42,0.584,"19,700"
https://www.dsebd.org/displayCompany.php?name=MEGHNAINS,MEGHNAINS,29.9,29.9,29.9,29.9,29.9,0,11,0.031,"1,052"
https://www.dsebd.org/displayCompany.php?name=SAIFPOWER,SAIFPOWER,29.7,29.7,29.7,29.7,29.7,0,50,1.342,"45,194"
https://www.dsebd.org/displayCompany.php?name=CONTININS,CONTININS,29.6,30.5,29.2,29.6,29.6,0,119,3.344,"113,621"
https://www.dsebd.org/displayCompany.php?name=SAPORTL,SAPORTL,29.4,30.5,29.3,29.4,29.2,0.2,765,16.411,"556,404"
https://www.dsebd.org/displayCompany.php?name=ICICL,ICICL,29.3,30.8,29,29.3,30.7,-1.4,"1,761",20.561,"691,696"
https://www.dsebd.org/displayCompany.php?name=BPPL,BPPL,29.3,29.3,29.3,29.3,29.3,0,2,0.001,49
https://www.dsebd.org/displayCompany.php?name=MERCINS,MERCINS,29.2,29.2,29.2,29.2,29.2,0,40,0.825,"28,253"
https://www.dsebd.org/displayCompany.php?name=PRIMETEX,PRIMETEX,29.2,29.2,29.2,29.2,29.2,0,4,0.005,187
https://www.dsebd.org/displayCompany.php?name=MEGCONMILK,MEGCONMILK,28.6,28.6,28.6,28.6,28.6,0,25,0.293,"10,242"
https://www.dsebd.org/displayCompany.php?name=DGIC,DGIC,28.5,29,28.5,28.5,28.6,-0.1,60,0.391,"13,694"
https://www.dsebd.org/displayCompany.php?name=KARNAPHULI,KARNAPHULI,28.2,28.2,27.7,27.8,27.7,0.5,124,2.548,"91,876"
https://www.dsebd.org/displayCompany.php?name=PENINSULA,PENINSULA,27.4,27.4,27.4,27.4,27.4,0,3,0.028,"1,022"
https://www.dsebd.org/displayCompany.php?name=MALEKSPIN,MALEKSPIN,27.1,27.1,27.1,27.1,27.1,0,2,0.016,573
https://www.dsebd.org/displayCompany.php?name=JANATAINS,JANATAINS,27,27.6,26.9,27,26.9,0.1,63,1.505,"55,908"
https://www.dsebd.org/displayCompany.php?name=SANDHANINS,SANDHANINS,26.9,27,26.9,26.9,26.9,0,150,8.471,"314,909"
https://www.dsebd.org/displayCompany.php?name=MHSML,MHSML,26.5,26.5,26.5,26.5,26.5,0,1,0,5
https://www.dsebd.org/displayCompany.php?name=ACFL,ACFL,26.5,26.5,26.5,26.5,26.5,0,1,0,1
https://www.dsebd.org/displayCompany.php?name=PUBALIBANK,PUBALIBANK,26.3,26.5,26.2,26.3,26.2,0.1,24,0.976,"37,096"
https://www.dsebd.org/displayCompany.php?name=RUPALIINS,RUPALIINS,26.2,26.4,26.2,26.2,26.2,0,92,3.55,"135,448"
https://www.dsebd.org/displayCompany.php?name=PURABIGEN,PURABIGEN,25.5,26,25.2,25.5,25.6,-0.1,221,5.296,"207,804"
https://www.dsebd.org/displayCompany.php?name=BDWELDING,BDWELDING,25.3,26.4,25,25.3,25.3,0,454,8.135,"319,136"
https://www.dsebd.org/displayCompany.php?name=RUPALIBANK,RUPALIBANK,25.2,25.2,25.2,25.2,25.2,0,1,0,1
https://www.dsebd.org/displayCompany.php?name=MLDYEING,MLDYEING,24.8,24.8,24.8,24.8,24.8,0,1,0,20
https://www.dsebd.org/displayCompany.php?name=EIL,EIL,24.7,25,24.7,24.7,24.7,0,75,0.792,"32,049"
https://www.dsebd.org/displayCompany.php?name=AFTABAUTO,AFTABAUTO,24.5,24.5,24.5,24.5,24.5,0,4,0.015,601
https://www.dsebd.org/displayCompany.php?name=MIRACLEIND,MIRACLEIND,24.4,24.4,24.4,24.4,24.4,0,24,0.222,"9,108"
https://www.dsebd.org/displayCompany.php?name=EASTLAND,EASTLAND,23.7,23.8,23.7,23.7,23.7,0,37,0.246,"10,365"
https://www.dsebd.org/displayCompany.php?name=KTL,KTL,23.7,23.7,23.7,23.7,23.7,0,1,0,10
https://www.dsebd.org/displayCompany.php?name=ALARABANK,ALARABANK,23.7,23.7,23.6,23.6,23.7,0,9,0.409,"17,302"
https://www.dsebd.org/displayCompany.php?name=FUWANGFOOD,FUWANGFOOD,23.5,23.5,23.5,23.5,23.5,0,2,0.024,"1,000"
https://www.dsebd.org/displayCompany.php?name=SILCOPHL,SILCOPHL,23.4,23.4,23.4,23.4,23.4,0,3,0.001,35
https://www.dsebd.org/displayCompany.php?name=UTTARABANK,UTTARABANK,23.3,23.4,23.3,23.3,23.4,-0.1,131,2.249,"96,438"
https://www.dsebd.org/displayCompany.php?name=QUEENSOUTH,QUEENSOUTH,23.3,23.3,23.3,23.3,23.3,0,1,0.002,80
https://www.dsebd.org/displayCompany.php?name=SKTRIMS,SKTRIMS,23.2,23.2,23.2,23.2,23.2,0,5,0.12,"5,152"
https://www.dsebd.org/displayCompany.php?name=ADVENT,ADVENT,22.9,23,22.6,22.8,22.7,0.2,531,18.78,"826,570"
https://www.dsebd.org/displayCompany.php?name=NAVANACNG,NAVANACNG,22.8,23.3,22.8,22.8,22.9,-0.1,52,0.734,"32,105"
https://www.dsebd.org/displayCompany.php?name=FEDERALINS,FEDERALINS,22.6,22.8,22.5,22.6,22.5,0.1,153,0.798,"35,395"
https://www.dsebd.org/displayCompany.php?name=MAKSONSPIN,MAKSONSPIN,22.3,22.3,22.3,22.3,22.3,0,8,0.102,"4,555"
https://www.dsebd.org/displayCompany.php?name=VFSTDL,VFSTDL,22.2,22.2,22.2,22.2,22.2,0,5,0.186,"8,388"
https://www.dsebd.org/displayCompany.php?name=AGNISYSL,AGNISYSL,22,22.2,21.9,22,22,0,402,8.34,"379,342"
https://www.dsebd.org/displayCompany.php?name=ARAMITCEM,ARAMITCEM,22,22,22,22,22,0,34,0.197,"8,974"
https://www.dsebd.org/displayCompany.php?name=CITYBANK,CITYBANK,21.8,21.8,21.8,21.8,21.8,0,14,0.562,"25,794"
https://www.dsebd.org/displayCompany.php?name=BBS,BBS,21.6,21.6,21.6,21.6,21.6,0,2,0.002,100
https://www.dsebd.org/displayCompany.php?name=SILVAPHL,SILVAPHL,21.6,21.6,21.6,21.6,21.6,0,6,0.029,"1,335"
https://www.dsebd.org/displayCompany.php?name=JAMUNABANK,JAMUNABANK,21.3,21.3,21.3,21.3,21.3,0,7,0.235,"11,053"
https://www.dsebd.org/displayCompany.php?name=INTECH,INTECH,20.8,22.5,20.7,20.8,21.8,-1,204,2.414,"114,908"
https://www.dsebd.org/displayCompany.php?name=PRIMEBANK,PRIMEBANK,20.3,20.4,20.1,20.2,20.2,0.1,73,20.79,"1,024,221"
https://www.dsebd.org/displayCompany.php?name=BANKASIA,BANKASIA,20.2,20.2,20.2,20.2,20.2,0,2,0.002,115
https://www.dsebd.org/displayCompany.php?name=ISLAMICFIN,ISLAMICFIN,19.7,19.7,19.7,19.7,19.7,0,2,0.001,53
https://www.dsebd.org/displayCompany.php?name=SAFKOSPINN,SAFKOSPINN,19.4,19.4,19.4,19.4,19.4,0,8,0.019,"1,000"
https://www.dsebd.org/displayCompany.php?name=ACTIVEFINE,ACTIVEFINE,19.3,19.3,19.3,19.3,19.3,0,1,0.015,760
https://www.dsebd.org/displayCompany.php?name=SHAHJABANK,SHAHJABANK,18.8,18.8,18.8,18.8,18.8,0,3,0.006,313
https://www.dsebd.org/displayCompany.php?name=TOSRIFA,TOSRIFA,18.1,18.2,18.1,18.2,18.1,0,115,1.421,"78,454"
https://www.dsebd.org/displayCompany.php?name=OIMEX,OIMEX,17.8,17.8,17.3,17.7,17.5,0.3,311,12.869,"727,821"
https://www.dsebd.org/displayCompany.php?name=SAIHAMTEX,SAIHAMTEX,17.6,17.6,17.6,17.6,17.6,0,7,0.062,"3,519"
https://www.dsebd.org/displayCompany.php?name=NRBCBANK,NRBCBANK,17.6,17.6,17.6,17.6,17.6,0,1,0,10
https://www.dsebd.org/displayCompany.php?name=HFL,HFL,17.5,17.5,17.5,17.5,17.5,0,13,0.198,"11,304"
https://www.dsebd.org/displayCompany.php?name=ALLTEX,ALLTEX,17.5,17.5,17.5,17.5,17.5,0,3,0.009,502
https://www.dsebd.org/displayCompany.php?name=GHAIL,GHAIL,17.5,17.5,17.5,17.5,17.5,0,2,0.004,225
https://www.dsebd.org/displayCompany.php?name=FUWANGCER,FUWANGCER,17.4,17.4,17.4,17.4,17.4,0,1,0,5
https://www.dsebd.org/displayCompany.php?name=FEKDIL,FEKDIL,17.2,17.2,17.2,17.2,17.2,0,5,0.049,"2,850"
https://www.dsebd.org/displayCompany.php?name=IBP,IBP,17,17,17,17,17,0,17,0.446,"26,214"
https://www.dsebd.org/displayCompany.php?name=SSSTEEL,SSSTEEL,16.6,16.6,16.6,16.6,16.6,0,1,0,1
https://www.dsebd.org/displayCompany.php?name=MTB,MTB,16.6,16.6,16.6,16.6,16.6,0,2,0.004,250
https://www.dsebd.org/displayCompany.php?name=YPL,YPL,16.3,16.5,16.3,16.3,16.3,0,158,2.925,"179,324"
https://www.dsebd.org/displayCompany.php?name=RSRMSTEEL,RSRMSTEEL,16.3,16.4,16.3,16.3,16.3,0,45,0.778,"47,727"
https://www.dsebd.org/displayCompany.php?name=DOMINAGE,DOMINAGE,16.2,16.6,16.2,16.2,16.3,-0.1,"1,274",52.542,"3,225,975"
https://www.dsebd.org/displayCompany.php?name=UNITEDFIN,UNITEDFIN,15.8,15.8,15.8,15.8,15.8,0,1,0.001,50
https://www.dsebd.org/displayCompany.php?name=DESHBANDHU,DESHBANDHU,15.6,15.7,15.6,15.6,15.6,0,52,0.726,"46,550"
https://www.dsebd.org/displayCompany.php?name=GRAMEENS2,GRAMEENS2,15.2,15.2,15.2,15.2,15.2,0,2,0.003,180
https://www.dsebd.org/displayCompany.php?name=GBBPOWER,GBBPOWER,15.1,15.1,15.1,15.1,15.1,0,18,0.656,"43,432"
https://www.dsebd.org/displayCompany.php?name=NFML,NFML,14.1,14.3,13.6,14.1,14,0.1,337,5.231,"373,936"
https://www.dsebd.org/displayCompany.php?name=SIMTEX,SIMTEX,14,14,14,14,14,0,31,0.11,"7,839"
https://www.dsebd.org/displayCompany.php?name=SHURWID,SHURWID,13.9,13.9,13.9,13.9,13.9,0,109,1.239,"89,122"
https://www.dsebd.org/displayCompany.php?name=1STPRIMFMF,1STPRIMFMF,13.8,13.8,13.8,13.8,13.8,0,4,0.007,502
https://www.dsebd.org/displayCompany.php?name=NCCBANK,NCCBANK,13.8,13.8,13.8,13.8,13.8,0,5,0.001,50
https://www.dsebd.org/displayCompany.php?name=SOUTHEASTB,SOUTHEASTB,13.8,13.8,13.8,13.8,13.8,0,4,0.878,"63,626"
https://www.dsebd.org/displayCompany.php?name=MERCANBANK,MERCANBANK,13.6,13.7,13.6,13.6,13.6,0,129,3.806,"278,608"
https://www.dsebd.org/displayCompany.php?name=PREMIERBAN,PREMIERBAN,13.4,13.5,13.4,13.4,13.5,-0.1,157,7.44,"554,558"
https://www.dsebd.org/displayCompany.php?name=ALIF,ALIF,13.3,13.3,13.3,13.3,13.3,0,1,0,5
https://www.dsebd.org/displayCompany.php?name=DACCADYE,DACCADYE,13.2,13.2,13.2,13.2,13.2,0,3,0.001,39
https://www.dsebd.org/displayCompany.php?name=DHAKABANK,DHAKABANK,13.2,13.2,13.2,13.2,13.2,0,3,0.003,230
https://www.dsebd.org/displayCompany.php?name=UCB,UCB,13,13,13,13,13,0,5,0.002,178
https://www.dsebd.org/displayCompany.php?name=BDTHAI,BDTHAI,12.8,12.9,12.8,12.8,12.8,0,183,3.675,"286,980"
https://www.dsebd.org/displayCompany.php?name=SIBL,SIBL,12.3,12.3,12.3,12.3,12.3,0,2,0,26
https://www.dsebd.org/displayCompany.php?name=IFIC,IFIC,11.5,11.5,11.5,11.5,11.5,0,33,0.464,"40,383"
https://www.dsebd.org/displayCompany.php?name=WMSHIPYARD,WMSHIPYARD,11,11,11,11,11,0,1,0.007,655
https://www.dsebd.org/displayCompany.php?name=ONEBANKLTD,ONEBANKLTD,11,11,10.8,11,10.9,0.1,60,2.441,"222,816"
https://www.dsebd.org/displayCompany.php?name=SBACBANK,SBACBANK,10.6,10.6,10.6,10.6,10.6,0,2,0,28
https://www.dsebd.org/displayCompany.php?name=FARCHEM,FARCHEM,10.6,10.6,10.6,10.6,10.6,0,2,0.002,150
https://www.dsebd.org/displayCompany.php?name=EXIMBANK,EXIMBANK,10.4,10.4,10.4,10.4,10.4,0,10,0.55,"52,915"
https://www.dsebd.org/displayCompany.php?name=CAPMIBBLMF,CAPMIBBLMF,10.1,10.3,10,10.1,10.2,-0.1,70,1.649,"162,601"
https://www.dsebd.org/displayCompany.php?name=CENTRALPHL,CENTRALPHL,10,10.1,10,10,10,0,91,1.642,"164,050"
https://www.dsebd.org/displayCompany.php?name=MIDASFIN,MIDASFIN,10,10.1,10,10,10,0,31,0.534,"53,257"
https://www.dsebd.org/displayCompany.php?name=ZAHEENSPIN,ZAHEENSPIN,9.9,9.9,9.9,9.9,9.9,0,1,0.001,150
https://www.dsebd.org/displayCompany.php?name=KBPPWBIL,KBPPWBIL,9.9,9.9,9.9,9.9,9.9,0,13,0.137,"13,791"
https://www.dsebd.org/displayCompany.php?name=ABBANK,ABBANK,9.9,9.9,9.9,9.9,9.9,0,1,0.001,85
https://www.dsebd.org/displayCompany.php?name=PF1STMF,PF1STMF,9.9,9.9,9.9,9.9,9.9,0,2,0.002,201
https://www.dsebd.org/displayCompany.php?name=CAPMBDBLMF,CAPMBDBLMF,9.9,9.9,9.9,9.9,9.9,0,3,0.109,"11,000"
https://www.dsebd.org/displayCompany.php?name=PDL,PDL,9.9,9.9,9.9,9.9,9.9,0,3,0.004,422
https://www.dsebd.org/displayCompany.php?name=FIRSTSBANK,FIRSTSBANK,9.8,9.8,9.8,9.8,9.8,0,4,0.002,201
https://www.dsebd.org/displayCompany.php?name=RINGSHINE,RINGSHINE,9.8,9.8,9.8,9.8,9.8,0,1,0,1
https://www.dsebd.org/displayCompany.php?name=ETL,ETL,9.4,9.4,9.4,9.4,9.4,0,4,0.799,"85,000"
https://www.dsebd.org/displayCompany.php?name=UNIONBANK,UNIONBANK,9.3,9.3,9.3,9.3,9.3,0,15,0.018,"1,972"
https://www.dsebd.org/displayCompany.php?name=SEMLLECMF,SEMLLECMF,9.1,9.1,9.1,9.1,9.1,0,1,0.001,75
https://www.dsebd.org/displayCompany.php?name=GIB,GIB,9,9,9,9,9,0,3,0.01,"1,124"
https://www.dsebd.org/displayCompany.php?name=GLDNJMF,GLDNJMF,9,9,9,9,9,0,1,0,6
https://www.dsebd.org/displayCompany.php?name=STANDBANKL,STANDBANKL,8.8,8.8,8.8,8.8,8.8,0,1,0.013,"1,500"
https://www.dsebd.org/displayCompany.php?name=SEMLFBSLGF,SEMLFBSLGF,8.4,8.4,8.4,8.4,8.4,0,1,0.002,235
https://www.dsebd.org/displayCompany.php?name=NBL,NBL,8.3,8.3,8.3,8.3,8.3,0,64,5.821,"701,372"
https://www.dsebd.org/displayCompany.php?name=APOLOISPAT,APOLOISPAT,8.2,8.2,8.2,8.2,8.2,0,2,0,14
https://www.dsebd.org/displayCompany.php?name=UNIONCAP,UNIONCAP,8.1,8.3,7.7,8.1,8.1,0,270,4.09,"508,896"
https://www.dsebd.org/displayCompany.php?name=EBL1STMF,EBL1STMF,7.4,7.4,7.4,7.4,7.4,0,3,0.037,"5,005"
https://www.dsebd.org/displayCompany.php?name=AIBL1STIMF,AIBL1STIMF,7.3,7.4,7.3,7.3,7.3,0,24,0.299,"40,780"
https://www.dsebd.org/displayCompany.php?name=NURANI,NURANI,7,7,7,7,7,0,1,0,1
https://www.dsebd.org/displayCompany.php?name=GREENDELMF,GREENDELMF,6.9,6.9,6.9,6.9,6.9,0,2,0.01,"1,452"
https://www.dsebd.org/displayCompany.php?name=NCCBLMF1,NCCBLMF1,6.8,6.8,6.8,6.8,6.8,0,2,0.003,390
https://www.dsebd.org/displayCompany.php?name=MBL1STMF,MBL1STMF,6.6,6.6,6.6,6.6,6.6,0,1,0.02,"3,000"
https://www.dsebd.org/displayCompany.php?name=EBLNRBMF,EBLNRBMF,6.5,6.5,6.5,6.5,6.5,0,6,0.036,"5,525"
https://www.dsebd.org/displayCompany.php?name=KEYACOSMET,KEYACOSMET,6.4,6.4,6.4,6.4,6.4,0,8,0.025,"3,893"
https://www.dsebd.org/displayCompany.php?name=RNSPIN,RNSPIN,6.2,6.2,6.2,6.2,6.2,0,4,0.002,304
https://www.dsebd.org/displayCompany.php?name=1JANATAMF,1JANATAMF,6.1,6.1,6.1,6.1,6.1,0,1,0.002,300
https://www.dsebd.org/displayCompany.php?name=GENNEXT,GENNEXT,6,6,6,6,6,0,31,3.149,"524,815"
https://www.dsebd.org/displayCompany.php?name=FAREASTFIN,FAREASTFIN,5.9,5.9,5.9,5.9,5.9,0,2,0.024,"4,000"
https://www.dsebd.org/displayCompany.php?name=ILFSL,ILFSL,5.6,5.6,5.6,5.6,5.6,0,7,0.012,"2,213"
https://www.dsebd.org/displayCompany.php?name=TRUSTB1MF,TRUSTB1MF,5.6,5.6,5.6,5.6,5.6,0,2,0.01,"1,744"
https://www.dsebd.org/displayCompany.php?name=FASFIN,FASFIN,5.4,5.4,5.4,5.4,5.4,0,2,0,48
https://www.dsebd.org/displayCompany.php?name=ABB1STMF,ABB1STMF,5.2,5.2,5.2,5.2,5.2,0,2,0.002,401
https://www.dsebd.org/displayCompany.php?name=PHPMF1,PHPMF1,5.2,5.2,5.2,5.2,5.2,0,2,0.019,"3,705"
https://www.dsebd.org/displayCompany.php?name=POPULAR1MF,POPULAR1MF,5.1,5.1,5.1,5.1,5.1,0,2,0.104,"20,392"
https://www.dsebd.org/displayCompany.php?name=BAYLEASING,BAYLEASING,0,0,0,23.9,23.9,--,0,0,0
https://www.dsebd.org/displayCompany.php?name=VAMLRBBF,VAMLRBBF,0,0,0,7.4,7.4,--,0,0,0
https://www.dsebd.org/displayCompany.php?name=BARKAPOWER,BARKAPOWER,0,0,0,21.3,21.3,--,0,0,0
https://www.dsebd.org/displayCompany.php?name=VAMLBDMF1,VAMLBDMF1,0,0,0,7.3,7.3,--,0,0,0
https://www.dsebd.org/displayCompany.php?name=UTTARAFIN,UTTARAFIN,0,0,0,33.8,33.8,--,0,0,0
https://www.dsebd.org/displayCompany.php?name=CVOPRL,CVOPRL,0,0,0,163.7,163.7,--,0,0,0
https://www.dsebd.org/displayCompany.php?name=ATLASBANG,ATLASBANG,0,0,0,104.2,104.2,--,0,0,0
https://www.dsebd.org/displayCompany.php?name=IICICL,IICICL,0,0,0,0,10,--,0,0,0
https://www.dsebd.org/displayCompany.php?name=ATCSLGF,ATCSLGF,0,0,0,9.7,9.7,--,0,0,0
https://www.dsebd.org/displayCompany.php?name=DAFODILCOM,DAFODILCOM,0,0,0,65.8,65.8,--,0,0,0
https://www.dsebd.org/displayCompany.php?name=DBH1STMF,DBH1STMF,0,0,0,6.9,6.9,--,0,0,0
https://www.dsebd.org/displayCompany.php?name=RELIANCE1,RELIANCE1,0,0,0,9.9,9.9,--,0,0,0
https://www.dsebd.org/displayCompany.php?name=WATACHEM,WATACHEM,0,0,0,200.2,200.2,--,0,0,0
https://www.dsebd.org/displayCompany.php?name=CNATEX,CNATEX,0,0,0,10.2,10.2,--,0,0,0
https://www.dsebd.org/displayCompany.php?name=TUNGHAI,TUNGHAI,0,0,0,5.8,5.8,--,0,0,0
https://www.dsebd.org/displayCompany.php?name=ZAHINTEX,ZAHINTEX,0,0,0,9,9,--,0,0,0
https://www.dsebd.org/displayCompany.php?name=ARGONDENIM,ARGONDENIM,0,0,0,18.2,18.2,--,0,0,0
https://www.dsebd.org/displayCompany.php?name=AIL,AIL,0,0,0,53.4,53.4,--,0,0,0
https://www.dsebd.org/displayCompany.php?name=BXSYNTH,BXSYNTH,0,0,0,8.4,8.4,--,0,0,0
https://www.dsebd.org/displayCompany.php?name=TAMIJTEX,TAMIJTEX,0,0,0,178.3,178.3,--,0,0,0
https://www.dsebd.org/displayCompany.php?name=AMANFEED,AMANFEED,0,0,0,33.5,33.5,--,0,0,0
https://www.dsebd.org/displayCompany.php?name=AFCAGRO,AFCAGRO,0,0,0,23.5,23.5,--,0,0,0
https://www.dsebd.org/displayCompany.php?name=CROWNCEMNT,CROWNCEMNT,0,0,0,74.4,74.4,--,0,0,0
https://www.dsebd.org/displayCompany.php?name=TALLUSPIN,TALLUSPIN,0,0,0,9.9,9.9,--,0,0,0
https://www.dsebd.org/displayCompany.php?name=ACMEPL,ACMEPL,0,0,0,35.4,35.4,--,0,0,0
https://www.dsebd.org/displayCompany.php?name=BDSERVICE,BDSERVICE,0,0,0,5.2,5.2,--,0,0,0
https://www.dsebd.org/displayCompany.php?name=BIFC,BIFC,0,0,0,9.5,9.5,--,0,0,0
https://www.dsebd.org/displayCompany.php?name=COPPERTECH,COPPERTECH,0,0,0,36.9,36.9,--,0,0,0
https://www.dsebd.org/displayCompany.php?name=OAL,OAL,0,0,0,9.9,9.9,--,0,0,0
https://www.dsebd.org/displayCompany.php?name=KPCL,KPCL,0,0,0,26.6,26.6,--,0,0,0
https://www.dsebd.org/displayCompany.php?name=KDSALTD,KDSALTD,0,0,0,77,77,--,0,0,0
https://www.dsebd.org/displayCompany.php?name=QUASEMIND,QUASEMIND,0,0,0,58.4,58.4,--,0,0,0
https://www.dsebd.org/displayCompany.php?name=INDEXAGRO,INDEXAGRO,0,0,0,103.6,103.6,--,0,0,0
https://www.dsebd.org/displayCompany.php?name=IFILISLMF1,IFILISLMF1,0,0,0,7,7,--,0,0,0
https://www.dsebd.org/displayCompany.php?name=IFIC1STMF,IFIC1STMF,0,0,0,5.1,5.1,--,0,0,0
https://www.dsebd.org/displayCompany.php?name=ICBSONALI1,ICBSONALI1,0,0,0,7.8,7.8,--,0,0,0
https://www.dsebd.org/displayCompany.php?name=ICBIBANK,ICBIBANK,0,0,0,5.4,5.4,--,0,0,0
https://www.dsebd.org/displayCompany.php?name=REGENTTEX,REGENTTEX,0,0,0,9.8,9.8,--,0,0,0
https://www.dsebd.org/displayCompany.php?name=ICBEPMF1S1,ICBEPMF1S1,0,0,0,7.1,7.1,--,0,0,0
https://www.dsebd.org/displayCompany.php?name=KPPL,KPPL,0,0,0,8.9,8.9,--,0,0,0
https://www.dsebd.org/displayCompany.php?name=LANKABAFIN,LANKABAFIN,0,0,0,26,26,--,0,0,0
https://www.dsebd.org/displayCompany.php?name=PRIMEINSUR,PRIMEINSUR,0,0,0,82.8,82.8,--,0,0,0
https://www.dsebd.org/displayCompany.php?name=NLI1STMF,NLI1STMF,0,0,0,0,14.4,--,0,0,0
https://www.dsebd.org/displayCompany.php?name=NATLIFEINS,NATLIFEINS,0,0,0,179,179,--,0,0,0
https://www.dsebd.org/displayCompany.php?name=PHOENIXFIN,PHOENIXFIN,0,0,0,16.3,16.3,--,0,0,0
https://www.dsebd.org/displayCompany.php?name=NAHEEACP,NAHEEACP,0,0,0,65.3,65.3,--,0,0,0
https://www.dsebd.org/displayCompany.php?name=PLFSL,PLFSL,0,0,0,3,3,--,0,0,0
https://www.dsebd.org/displayCompany.php?name=MONNOFABR,MONNOFABR,0,0,0,24.1,24.1,--,0,0,0
https://www.dsebd.org/displayCompany.php?name=PREMIERLEA,PREMIERLEA,0,0,0,6.8,6.8,--,0,0,0
https://www.dsebd.org/displayCompany.php?name=PRIME1ICBA,PRIME1ICBA,0,0,0,7.7,7.7,--,0,0,0
https://www.dsebd.org/displayCompany.php?name=LRGLOBMF1,LRGLOBMF1,0,0,0,6.4,6.4,--,0,0,0
https://www.dsebd.org/displayCompany.php?name=PRIMEFIN,PRIMEFIN,0,0,0,11.5,11.5,--,0,0,0
https://www.dsebd.org/displayCompany.php?name=ICBAMCL2ND,ICBAMCL2ND,0,0,0,8.7,8.7,--,0,0,0
https://www.dsebd.org/displayCompany.php?name=ICBAGRANI1,ICBAGRANI1,0,0,0,9.2,9.2,--,0,0,0
https://www.dsebd.org/displayCompany.php?name=MITHUNKNIT,MITHUNKNIT,0,0,0,15.6,15.6,--,0,0,0
https://www.dsebd.org/displayCompany.php?name=EXIM1STMF,EXIM1STMF,0,0,0,5.8,5.8,--,0,0,0
https://www.dsebd.org/displayCompany.php?name=SHASHADNIM,SHASHADNIM,0,0,0,27,27,--,0,0,0
https://www.dsebd.org/displayCompany.php?name=SHEPHERD,SHEPHERD,0,0,0,24,24,--,0,0,0
https://www.dsebd.org/displayCompany.php?name=ESQUIRENIT,ESQUIRENIT,0,0,0,34.5,34.5,--,0,0,0
https://www.dsebd.org/displayCompany.php?name=ENVOYTEX,ENVOYTEX,0,0,0,43.9,43.9,--,0,0,0
https://www.dsebd.org/displayCompany.php?name=DULAMIACOT,DULAMIACOT,0,0,0,70.8,70.8,--,0,0,0
https://www.dsebd.org/displayCompany.php?name=DSSL,DSSL,0,0,0,17,17,--,0,0,0
https://www.dsebd.org/displayCompany.php?name=DESCO,DESCO,0,0,0,36.6,36.6,--,0,0,0
https://www.dsebd.org/displayCompany.php?name=SONARGAON,SONARGAON,0,0,0,33.1,33.1,--,0,0,0
https://www.dsebd.org/displayCompany.php?name=SEMLIBBLSF,SEMLIBBLSF,0,0,0,8.5,8.5,--,0,0,0
https://www.dsebd.org/displayCompany.php?name=SAVAREFR,SAVAREFR,0,0,0,215.5,215.5,--,0,0,0
https://www.dsebd.org/displayCompany.php?name=FAMILYTEX,FAMILYTEX,0,0,0,4.9,4.9,--,0,0,0
https://www.dsebd.org/displayCompany.php?name=ICB3RDNRB,ICB3RDNRB,0,0,0,6.5,6.5,--,0,0,0
https://www.dsebd.org/displayCompany.php?name=HEIDELBCEM,HEIDELBCEM,0,0,0,179.1,179.1,--,0,0,0
https://www.dsebd.org/displayCompany.php?name=GSPFINANCE,GSPFINANCE,0,0,0,30.3,30.3,--,0,0,0
https://www.dsebd.org/displayCompany.php?name=RUNNERAUTO,RUNNERAUTO,0,0,0,48.4,48.4,--,0,0,0
https://www.dsebd.org/displayCompany.php?name=GOLDENSON,GOLDENSON,0,0,0,18.2,18.2,--,0,0,0
https://www.dsebd.org/displayCompany.php?name=FIRSTFIN,FIRSTFIN,0,0,0,5.5,5.5,--,0,0,0
https://www.dsebd.org/displayCompany.php?name=SAIHAMCOT,SAIHAMCOT,0,0,0,16.4,16.4,--,0,0,0
https://www.dsebd.org/displayCompany.php?name=FBFIF,FBFIF,0,0,0,5,5,--,0,0,0
https://www.dsebd.org/displayCompany.php?name=SALAMCRST,SALAMCRST,0,0,0,33.3,33.3,--,0,0,0
https://www.dsebd.org/displayCompany.php?name=SALVOCHEM,SALVOCHEM,0,0,0,61.8,61.8,--,0,0,0
https://www.dsebd.org/displayCompany.php?name=DELTASPINN,DELTASPINN,0,0,0,8.5,8.5,--,0,0,0
